type,geometry.type,geometry.coordinates,properties.id_station,properties.denominazione,properties.rete,properties.interesse_rete,properties.tipologia_di_stazione,properties.tipologia_di_area,properties.comune,properties.provincia,properties.paese,properties.paese_esteso,properties.inquinante_misurato,properties.valore_inquinante_misurato,properties.limite,properties.superamenti,properties.unita_misura,properties.indice_qualita,properties.data_di_misurazione,properties.responsabile_dato,properties.punto_di_contatto,properties.sorgente,properties.version,properties.marker-color,properties.name
Feature,Point,"[16.561014, 40.82885]",64,Altamura - Via Santeramo,RRQA,PUBBLICO,Fondo,Suburbana,Altamura,Bari,IT,Italy,NO2,54.0,200.0,0,µg/m³,27.0,2024-05-23,Arpa Puglia - Direzione Scientifica - Centro Regionale Aria,Arpa Puglia - Sistemi Informativi,ARPAP,v1.0.0,#00ffff,Altamura - Via Santeramo
Feature,Point,"[16.561014, 40.82885]",64,Altamura - Via Santeramo,RRQA,PUBBLICO,Fondo,Suburbana,Altamura,Bari,IT,Italy,O3,103.0,180.0,0,µg/m³,57.0,2024-05-23,Arpa Puglia - Direzione Scientifica - Centro Regionale Aria,Arpa Puglia - Sistemi Informativi,ARPAP,v1.0.0,#9acc00,Altamura - Via Santeramo
Feature,Point,"[16.561014, 40.82885]",64,Altamura - Via Santeramo,RRQA,PUBBLICO,Fondo,Suburbana,Altamura,Bari,IT,Italy,PM10,15.0,50.0,2,µg/m³,30.0,2024-05-23,Arpa Puglia - Direzione Scientifica - Centro Regionale Aria,Arpa Puglia - Sistemi Informativi,ARPAP,v1.0.0,#00ffff,Altamura - Via Santeramo
Feature,Point,"[16.561014, 40.82885]",64,Altamura - Via Santeramo,RRQA,PUBBLICO,Fondo,Suburbana,Altamura,Bari,IT,Italy,PM2.5,8.0,25.0,1,µg/m³,32.0,2024-05-23,Arpa Puglia - Direzione Scientifica - Centro Regionale Aria,Arpa Puglia - Sistemi Informativi,ARPAP,v1.0.0,#00ffff,Altamura - Via Santeramo
Feature,Point,"[16.888063, 41.11354]",17,Bari - Caldarola,RRQA,PUBBLICO,Traffico,Urbana,Bari,Bari,IT,Italy,C6H6,,5.0,0,µg/m³,,2024-05-23,Arpa Puglia - Direzione Scientifica - Centro Regionale Aria,Arpa Puglia - Sistemi Informativi,ARPAP,v1.0.0,#ffffff,Bari - Caldarola
Feature,Point,"[16.888063, 41.11354]",17,Bari - Caldarola,RRQA,PUBBLICO,Traffico,Urbana,Bari,Bari,IT,Italy,CO,0.2,10.0,0,mg/m³,2.0,2024-05-23,Arpa Puglia - Direzione Scientifica - Centro Regionale Aria,Arpa Puglia - Sistemi Informativi,ARPAP,v1.0.0,#00ffff,Bari - Caldarola
Feature,Point,"[16.888063, 41.11354]",17,Bari - Caldarola,RRQA,PUBBLICO,Traffico,Urbana,Bari,Bari,IT,Italy,NO2,34.0,200.0,0,µg/m³,17.0,2024-05-23,Arpa Puglia - Direzione Scientifica - Centro Regionale Aria,Arpa Puglia - Sistemi Informativi,ARPAP,v1.0.0,#00ffff,Bari - Caldarola
Feature,Point,"[16.888063, 41.11354]",17,Bari - Caldarola,RRQA,PUBBLICO,Traffico,Urbana,Bari,Bari,IT,Italy,PM10,15.0,50.0,3,µg/m³,30.0,2024-05-23,Arpa Puglia - Direzione Scientifica - Centro Regionale Aria,Arpa Puglia - Sistemi Informativi,ARPAP,v1.0.0,#00ffff,Bari - Caldarola
Feature,Point,"[16.888063, 41.11354]",17,Bari - Caldarola,RRQA,PUBBLICO,Traffico,Urbana,Bari,Bari,IT,Italy,PM2.5,6.0,25.0,7,µg/m³,24.0,2024-05-23,Arpa Puglia - Direzione Scientifica - Centro Regionale Aria,Arpa Puglia - Sistemi Informativi,ARPAP,v1.0.0,#00ffff,Bari - Caldarola
Feature,Point,"[16.866943, 41.076668]",81,Bari - Carbonara,RRQA,PUBBLICO,Fondo,Suburbana,Bari,Bari,IT,Italy,NO2,25.0,200.0,0,µg/m³,13.0,2024-05-23,Arpa Puglia - Direzione Scientifica - Centro Regionale Aria,Arpa Puglia - Sistemi Informativi,ARPAP,v1.0.0,#00ffff,Bari - Carbonara
Feature,Point,"[16.866943, 41.076668]",81,Bari - Carbonara,RRQA,PUBBLICO,Fondo,Suburbana,Bari,Bari,IT,Italy,PM10,17.0,50.0,3,µg/m³,34.0,2024-05-23,Arpa Puglia - Direzione Scientifica - Centro Regionale Aria,Arpa Puglia - Sistemi Informativi,ARPAP,v1.0.0,#9acc00,Bari - Carbonara
Feature,Point,"[16.872553, 41.12227]",54,Bari - Cavour,RRQA,PUBBLICO,Traffico,Urbana,Bari,Bari,IT,Italy,C6H6,,5.0,0,µg/m³,,2024-05-23,Arpa Puglia - Direzione Scientifica - Centro Regionale Aria,Arpa Puglia - Sistemi Informativi,ARPAP,v1.0.0,#ffffff,Bari - Cavour
Feature,Point,"[16.872553, 41.12227]",54,Bari - Cavour,RRQA,PUBBLICO,Traffico,Urbana,Bari,Bari,IT,Italy,CO,0.4,10.0,0,mg/m³,4.0,2024-05-23,Arpa Puglia - Direzione Scientifica - Centro Regionale Aria,Arpa Puglia - Sistemi Informativi,ARPAP,v1.0.0,#00ffff,Bari - Cavour
Feature,Point,"[16.872553, 41.12227]",54,Bari - Cavour,RRQA,PUBBLICO,Traffico,Urbana,Bari,Bari,IT,Italy,NO2,30.0,200.0,0,µg/m³,15.0,2024-05-23,Arpa Puglia - Direzione Scientifica - Centro Regionale Aria,Arpa Puglia - Sistemi Informativi,ARPAP,v1.0.0,#00ffff,Bari - Cavour
Feature,Point,"[16.872553, 41.12227]",54,Bari - Cavour,RRQA,PUBBLICO,Traffico,Urbana,Bari,Bari,IT,Italy,PM10,15.0,50.0,3,µg/m³,30.0,2024-05-23,Arpa Puglia - Direzione Scientifica - Centro Regionale Aria,Arpa Puglia - Sistemi Informativi,ARPAP,v1.0.0,#00ffff,Bari - Cavour
Feature,Point,"[16.872553, 41.12227]",54,Bari - Cavour,RRQA,PUBBLICO,Traffico,Urbana,Bari,Bari,IT,Italy,PM2.5,7.0,25.0,8,µg/m³,28.0,2024-05-23,Arpa Puglia - Direzione Scientifica - Centro Regionale Aria,Arpa Puglia - Sistemi Informativi,ARPAP,v1.0.0,#00ffff,Bari - Cavour
Feature,Point,"[16.845278, 41.134724]",90,Bari - CUS,RRQA,PUBBLICO,Traffico,Suburbana,Bari,Bari,IT,Italy,NO2,29.0,200.0,0,µg/m³,15.0,2024-05-23,Arpa Puglia - Direzione Scientifica - Centro Regionale Aria,Arpa Puglia - Sistemi Informativi,ARPAP,v1.0.0,#00ffff,Bari - CUS
Feature,Point,"[16.845278, 41.134724]",90,Bari - CUS,RRQA,PUBBLICO,Traffico,Suburbana,Bari,Bari,IT,Italy,O3,97.0,180.0,0,µg/m³,54.0,2024-05-23,Arpa Puglia - Direzione Scientifica - Centro Regionale Aria,Arpa Puglia - Sistemi Informativi,ARPAP,v1.0.0,#9acc00,Bari - CUS
Feature,Point,"[16.845278, 41.134724]",90,Bari - CUS,RRQA,PUBBLICO,Traffico,Suburbana,Bari,Bari,IT,Italy,PM10,14.0,50.0,4,µg/m³,28.0,2024-05-23,Arpa Puglia - Direzione Scientifica - Centro Regionale Aria,Arpa Puglia - Sistemi Informativi,ARPAP,v1.0.0,#00ffff,Bari - CUS
Feature,Point,"[16.858906, 41.099594]",55,Bari - Kennedy,RRQA,PUBBLICO,Fondo,Urbana,Bari,Bari,IT,Italy,NO2,41.0,200.0,0,µg/m³,21.0,2024-05-23,Arpa Puglia - Direzione Scientifica - Centro Regionale Aria,Arpa Puglia - Sistemi Informativi,ARPAP,v1.0.0,#00ffff,Bari - Kennedy
Feature,Point,"[16.858906, 41.099594]",55,Bari - Kennedy,RRQA,PUBBLICO,Fondo,Urbana,Bari,Bari,IT,Italy,O3,87.0,180.0,0,µg/m³,48.0,2024-05-23,Arpa Puglia - Direzione Scientifica - Centro Regionale Aria,Arpa Puglia - Sistemi Informativi,ARPAP,v1.0.0,#9acc00,Bari - Kennedy
Feature,Point,"[16.858906, 41.099594]",55,Bari - Kennedy,RRQA,PUBBLICO,Fondo,Urbana,Bari,Bari,IT,Italy,PM10,15.0,50.0,3,µg/m³,30.0,2024-05-23,Arpa Puglia - Direzione Scientifica - Centro Regionale Aria,Arpa Puglia - Sistemi Informativi,ARPAP,v1.0.0,#00ffff,Bari - Kennedy
Feature,Point,"[16.745277, 41.079166]",106,Bitonto - EN01,RRQA,PRIVATO,Industriale,Suburbana,Bitonto,Bari,IT,Italy,CO,0.6,10.0,0,mg/m³,6.0,2024-05-23,Arpa Puglia - Direzione Scientifica - Centro Regionale Aria,Arpa Puglia - Sistemi Informativi,ARPAP,v1.0.0,#00ffff,Bitonto - EN01
Feature,Point,"[16.745277, 41.079166]",106,Bitonto - EN01,RRQA,PRIVATO,Industriale,Suburbana,Bitonto,Bari,IT,Italy,NO2,27.0,200.0,0,µg/m³,14.0,2024-05-23,Arpa Puglia - Direzione Scientifica - Centro Regionale Aria,Arpa Puglia - Sistemi Informativi,ARPAP,v1.0.0,#00ffff,Bitonto - EN01
Feature,Point,"[16.745277, 41.079166]",106,Bitonto - EN01,RRQA,PRIVATO,Industriale,Suburbana,Bitonto,Bari,IT,Italy,O3,109.0,180.0,0,µg/m³,61.0,2024-05-23,Arpa Puglia - Direzione Scientifica - Centro Regionale Aria,Arpa Puglia - Sistemi Informativi,ARPAP,v1.0.0,#9acc00,Bitonto - EN01
Feature,Point,"[16.745277, 41.079166]",106,Bitonto - EN01,RRQA,PRIVATO,Industriale,Suburbana,Bitonto,Bari,IT,Italy,PM10,14.0,50.0,8,µg/m³,28.0,2024-05-23,Arpa Puglia - Direzione Scientifica - Centro Regionale Aria,Arpa Puglia - Sistemi Informativi,ARPAP,v1.0.0,#00ffff,Bitonto - EN01
Feature,Point,"[16.745277, 41.079166]",106,Bitonto - EN01,RRQA,PRIVATO,Industriale,Suburbana,Bitonto,Bari,IT,Italy,PM2.5,7.0,25.0,15,µg/m³,28.0,2024-05-23,Arpa Puglia - Direzione Scientifica - Centro Regionale Aria,Arpa Puglia - Sistemi Informativi,ARPAP,v1.0.0,#00ffff,Bitonto - EN01
Feature,Point,"[16.92073, 40.953156]",65,Casamassima - LaPenna,RRQA,PUBBLICO,Fondo,Suburbana,Casamassima,Bari,IT,Italy,NO2,21.0,200.0,0,µg/m³,11.0,2024-05-23,Arpa Puglia - Direzione Scientifica - Centro Regionale Aria,Arpa Puglia - Sistemi Informativi,ARPAP,v1.0.0,#00ffff,Casamassima - LaPenna
Feature,Point,"[16.92073, 40.953156]",65,Casamassima - LaPenna,RRQA,PUBBLICO,Fondo,Suburbana,Casamassima,Bari,IT,Italy,O3,113.0,180.0,0,µg/m³,63.0,2024-05-23,Arpa Puglia - Direzione Scientifica - Centro Regionale Aria,Arpa Puglia - Sistemi Informativi,ARPAP,v1.0.0,#9acc00,Casamassima - LaPenna
Feature,Point,"[16.92073, 40.953156]",65,Casamassima - LaPenna,RRQA,PUBBLICO,Fondo,Suburbana,Casamassima,Bari,IT,Italy,PM10,13.0,50.0,3,µg/m³,26.0,2024-05-23,Arpa Puglia - Direzione Scientifica - Centro Regionale Aria,Arpa Puglia - Sistemi Informativi,ARPAP,v1.0.0,#00ffff,Casamassima - LaPenna
Feature,Point,"[16.92073, 40.953156]",65,Casamassima - LaPenna,RRQA,PUBBLICO,Fondo,Suburbana,Casamassima,Bari,IT,Italy,PM2.5,7.0,25.0,8,µg/m³,28.0,2024-05-23,Arpa Puglia - Direzione Scientifica - Centro Regionale Aria,Arpa Puglia - Sistemi Informativi,ARPAP,v1.0.0,#00ffff,Casamassima - LaPenna
Feature,Point,"[16.766111, 41.107777]",97,Modugno - EN02,RRQA,PUBBLICO,Industriale,Suburbana,Modugno,Bari,IT,Italy,CO,0.4,10.0,0,mg/m³,4.0,2024-05-23,Arpa Puglia - Direzione Scientifica - Centro Regionale Aria,Arpa Puglia - Sistemi Informativi,ARPAP,v1.0.0,#00ffff,Modugno - EN02
Feature,Point,"[16.766111, 41.107777]",97,Modugno - EN02,RRQA,PUBBLICO,Industriale,Suburbana,Modugno,Bari,IT,Italy,NO2,28.0,200.0,0,µg/m³,14.0,2024-05-23,Arpa Puglia - Direzione Scientifica - Centro Regionale Aria,Arpa Puglia - Sistemi Informativi,ARPAP,v1.0.0,#00ffff,Modugno - EN02
Feature,Point,"[16.766111, 41.107777]",97,Modugno - EN02,RRQA,PUBBLICO,Industriale,Suburbana,Modugno,Bari,IT,Italy,O3,115.0,180.0,0,µg/m³,64.0,2024-05-23,Arpa Puglia - Direzione Scientifica - Centro Regionale Aria,Arpa Puglia - Sistemi Informativi,ARPAP,v1.0.0,#9acc00,Modugno - EN02
Feature,Point,"[16.766111, 41.107777]",97,Modugno - EN02,RRQA,PUBBLICO,Industriale,Suburbana,Modugno,Bari,IT,Italy,PM10,12.0,50.0,6,µg/m³,24.0,2024-05-23,Arpa Puglia - Direzione Scientifica - Centro Regionale Aria,Arpa Puglia - Sistemi Informativi,ARPAP,v1.0.0,#00ffff,Modugno - EN02
Feature,Point,"[16.766111, 41.107777]",97,Modugno - EN02,RRQA,PUBBLICO,Industriale,Suburbana,Modugno,Bari,IT,Italy,PM2.5,5.0,25.0,5,µg/m³,20.0,2024-05-23,Arpa Puglia - Direzione Scientifica - Centro Regionale Aria,Arpa Puglia - Sistemi Informativi,ARPAP,v1.0.0,#00ffff,Modugno - EN02
Feature,Point,"[16.781672, 41.087223]",98,Modugno - EN03,RRQA,PUBBLICO,Industriale,Urbana,Modugno,Bari,IT,Italy,CO,0.4,10.0,0,mg/m³,4.0,2024-05-23,Arpa Puglia - Direzione Scientifica - Centro Regionale Aria,Arpa Puglia - Sistemi Informativi,ARPAP,v1.0.0,#00ffff,Modugno - EN03
Feature,Point,"[16.781672, 41.087223]",98,Modugno - EN03,RRQA,PUBBLICO,Industriale,Urbana,Modugno,Bari,IT,Italy,NO2,39.0,200.0,0,µg/m³,20.0,2024-05-23,Arpa Puglia - Direzione Scientifica - Centro Regionale Aria,Arpa Puglia - Sistemi Informativi,ARPAP,v1.0.0,#00ffff,Modugno - EN03
Feature,Point,"[16.781672, 41.087223]",98,Modugno - EN03,RRQA,PUBBLICO,Industriale,Urbana,Modugno,Bari,IT,Italy,PM10,17.0,50.0,2,µg/m³,34.0,2024-05-23,Arpa Puglia - Direzione Scientifica - Centro Regionale Aria,Arpa Puglia - Sistemi Informativi,ARPAP,v1.0.0,#9acc00,Modugno - EN03
Feature,Point,"[16.787777, 41.114445]",99,Modugno - EN04,RRQA,PUBBLICO,Industriale,Suburbana,Modugno,Bari,IT,Italy,CO,,10.0,0,mg/m³,,2024-05-23,Arpa Puglia - Direzione Scientifica - Centro Regionale Aria,Arpa Puglia - Sistemi Informativi,ARPAP,v1.0.0,#ffffff,Modugno - EN04
Feature,Point,"[16.787777, 41.114445]",99,Modugno - EN04,RRQA,PUBBLICO,Industriale,Suburbana,Modugno,Bari,IT,Italy,NO2,44.0,200.0,0,µg/m³,22.0,2024-05-23,Arpa Puglia - Direzione Scientifica - Centro Regionale Aria,Arpa Puglia - Sistemi Informativi,ARPAP,v1.0.0,#00ffff,Modugno - EN04
Feature,Point,"[16.787777, 41.114445]",99,Modugno - EN04,RRQA,PUBBLICO,Industriale,Suburbana,Modugno,Bari,IT,Italy,PM10,13.0,50.0,3,µg/m³,26.0,2024-05-23,Arpa Puglia - Direzione Scientifica - Centro Regionale Aria,Arpa Puglia - Sistemi Informativi,ARPAP,v1.0.0,#00ffff,Modugno - EN04
Feature,Point,"[16.605253, 41.2011]",14,Molfetta - Verdi,RRQA,PUBBLICO,Traffico,Urbana,Molfetta,Bari,IT,Italy,C6H6,0.2,5.0,0,µg/m³,4.0,2024-05-23,Arpa Puglia - Direzione Scientifica - Centro Regionale Aria,Arpa Puglia - Sistemi Informativi,ARPAP,v1.0.0,#00ffff,Molfetta - Verdi
Feature,Point,"[16.605253, 41.2011]",14,Molfetta - Verdi,RRQA,PUBBLICO,Traffico,Urbana,Molfetta,Bari,IT,Italy,NO2,46.0,200.0,0,µg/m³,23.0,2024-05-23,Arpa Puglia - Direzione Scientifica - Centro Regionale Aria,Arpa Puglia - Sistemi Informativi,ARPAP,v1.0.0,#00ffff,Molfetta - Verdi
Feature,Point,"[16.605253, 41.2011]",14,Molfetta - Verdi,RRQA,PUBBLICO,Traffico,Urbana,Molfetta,Bari,IT,Italy,PM10,17.0,50.0,4,µg/m³,34.0,2024-05-23,Arpa Puglia - Direzione Scientifica - Centro Regionale Aria,Arpa Puglia - Sistemi Informativi,ARPAP,v1.0.0,#9acc00,Molfetta - Verdi
Feature,Point,"[17.290285, 40.951168]",66,Monopoli - Aldo Moro,RRQA,PUBBLICO,Traffico,Suburbana,Monopoli,Bari,IT,Italy,C6H6,0.1,5.0,0,µg/m³,2.0,2024-05-23,Arpa Puglia - Direzione Scientifica - Centro Regionale Aria,Arpa Puglia - Sistemi Informativi,ARPAP,v1.0.0,#00ffff,Monopoli - Aldo Moro
Feature,Point,"[17.290285, 40.951168]",66,Monopoli - Aldo Moro,RRQA,PUBBLICO,Traffico,Suburbana,Monopoli,Bari,IT,Italy,CO,0.2,10.0,0,mg/m³,2.0,2024-05-23,Arpa Puglia - Direzione Scientifica - Centro Regionale Aria,Arpa Puglia - Sistemi Informativi,ARPAP,v1.0.0,#00ffff,Monopoli - Aldo Moro
Feature,Point,"[17.290285, 40.951168]",66,Monopoli - Aldo Moro,RRQA,PUBBLICO,Traffico,Suburbana,Monopoli,Bari,IT,Italy,IPA,5.0,,0,ng/m³,,2024-05-23,Arpa Puglia - Direzione Scientifica - Centro Regionale Aria,Arpa Puglia - Sistemi Informativi,ARPAP,v1.0.0,#ffffff,Monopoli - Aldo Moro
Feature,Point,"[17.290285, 40.951168]",66,Monopoli - Aldo Moro,RRQA,PUBBLICO,Traffico,Suburbana,Monopoli,Bari,IT,Italy,NO2,,200.0,0,µg/m³,,2024-05-23,Arpa Puglia - Direzione Scientifica - Centro Regionale Aria,Arpa Puglia - Sistemi Informativi,ARPAP,v1.0.0,#ffffff,Monopoli - Aldo Moro
Feature,Point,"[17.290285, 40.951168]",66,Monopoli - Aldo Moro,RRQA,PUBBLICO,Traffico,Suburbana,Monopoli,Bari,IT,Italy,PM10,11.0,50.0,5,µg/m³,22.0,2024-05-23,Arpa Puglia - Direzione Scientifica - Centro Regionale Aria,Arpa Puglia - Sistemi Informativi,ARPAP,v1.0.0,#00ffff,Monopoli - Aldo Moro
Feature,Point,"[17.290285, 40.951168]",66,Monopoli - Aldo Moro,RRQA,PUBBLICO,Traffico,Suburbana,Monopoli,Bari,IT,Italy,PM2.5,7.0,25.0,4,µg/m³,28.0,2024-05-23,Arpa Puglia - Direzione Scientifica - Centro Regionale Aria,Arpa Puglia - Sistemi Informativi,ARPAP,v1.0.0,#00ffff,Monopoli - Aldo Moro
Feature,Point,"[17.284267, 40.96158]",92,Monopoli - Liceo Artistico Russo,RRQA,PUBBLICO,Traffico,Suburbana,Monopoli,Bari,IT,Italy,C6H6,0.1,5.0,0,µg/m³,2.0,2024-05-23,Arpa Puglia - Direzione Scientifica - Centro Regionale Aria,Arpa Puglia - Sistemi Informativi,ARPAP,v1.0.0,#00ffff,Monopoli - Liceo Artistico Russo
Feature,Point,"[17.284267, 40.96158]",92,Monopoli - Liceo Artistico Russo,RRQA,PUBBLICO,Traffico,Suburbana,Monopoli,Bari,IT,Italy,IPA,2.0,,0,ng/m³,,2024-05-23,Arpa Puglia - Direzione Scientifica - Centro Regionale Aria,Arpa Puglia - Sistemi Informativi,ARPAP,v1.0.0,#ffffff,Monopoli - Liceo Artistico Russo
Feature,Point,"[17.284267, 40.96158]",92,Monopoli - Liceo Artistico Russo,RRQA,PUBBLICO,Traffico,Suburbana,Monopoli,Bari,IT,Italy,NO2,17.0,200.0,0,µg/m³,9.0,2024-05-23,Arpa Puglia - Direzione Scientifica - Centro Regionale Aria,Arpa Puglia - Sistemi Informativi,ARPAP,v1.0.0,#00ffff,Monopoli - Liceo Artistico Russo
Feature,Point,"[17.284267, 40.96158]",92,Monopoli - Liceo Artistico Russo,RRQA,PUBBLICO,Traffico,Suburbana,Monopoli,Bari,IT,Italy,PM10,11.0,50.0,5,µg/m³,22.0,2024-05-23,Arpa Puglia - Direzione Scientifica - Centro Regionale Aria,Arpa Puglia - Sistemi Informativi,ARPAP,v1.0.0,#00ffff,Monopoli - Liceo Artistico Russo
Feature,Point,"[17.284267, 40.96158]",92,Monopoli - Liceo Artistico Russo,RRQA,PUBBLICO,Traffico,Suburbana,Monopoli,Bari,IT,Italy,PM2.5,5.0,25.0,3,µg/m³,20.0,2024-05-23,Arpa Puglia - Direzione Scientifica - Centro Regionale Aria,Arpa Puglia - Sistemi Informativi,ARPAP,v1.0.0,#00ffff,Monopoli - Liceo Artistico Russo
Feature,Point,"[16.70083, 41.061386]",107,Palo del Colle - EN05,RRQA,PRIVATO,Industriale,Suburbana,Palo del Colle,Bari,IT,Italy,CO,0.4,10.0,0,mg/m³,4.0,2024-05-23,Arpa Puglia - Direzione Scientifica - Centro Regionale Aria,Arpa Puglia - Sistemi Informativi,ARPAP,v1.0.0,#00ffff,Palo del Colle - EN05
Feature,Point,"[16.70083, 41.061386]",107,Palo del Colle - EN05,RRQA,PRIVATO,Industriale,Suburbana,Palo del Colle,Bari,IT,Italy,NO2,21.0,200.0,0,µg/m³,11.0,2024-05-23,Arpa Puglia - Direzione Scientifica - Centro Regionale Aria,Arpa Puglia - Sistemi Informativi,ARPAP,v1.0.0,#00ffff,Palo del Colle - EN05
Feature,Point,"[16.70083, 41.061386]",107,Palo del Colle - EN05,RRQA,PRIVATO,Industriale,Suburbana,Palo del Colle,Bari,IT,Italy,PM10,16.0,50.0,6,µg/m³,32.0,2024-05-23,Arpa Puglia - Direzione Scientifica - Centro Regionale Aria,Arpa Puglia - Sistemi Informativi,ARPAP,v1.0.0,#00ffff,Palo del Colle - EN05
Feature,Point,"[16.30394, 41.233276]",63,Andria - Vaccina,RRQA,PUBBLICO,Traffico,Urbana,Andria,BAT,IT,Italy,C6H6,0.4,5.0,0,µg/m³,8.0,2024-05-23,Arpa Puglia - Direzione Scientifica - Centro Regionale Aria,Arpa Puglia - Sistemi Informativi,ARPAP,v1.0.0,#00ffff,Andria - Vaccina
Feature,Point,"[16.30394, 41.233276]",63,Andria - Vaccina,RRQA,PUBBLICO,Traffico,Urbana,Andria,BAT,IT,Italy,CO,0.3,10.0,0,mg/m³,3.0,2024-05-23,Arpa Puglia - Direzione Scientifica - Centro Regionale Aria,Arpa Puglia - Sistemi Informativi,ARPAP,v1.0.0,#00ffff,Andria - Vaccina
Feature,Point,"[16.30394, 41.233276]",63,Andria - Vaccina,RRQA,PUBBLICO,Traffico,Urbana,Andria,BAT,IT,Italy,NO2,,200.0,0,µg/m³,,2024-05-23,Arpa Puglia - Direzione Scientifica - Centro Regionale Aria,Arpa Puglia - Sistemi Informativi,ARPAP,v1.0.0,#ffffff,Andria - Vaccina
Feature,Point,"[16.30394, 41.233276]",63,Andria - Vaccina,RRQA,PUBBLICO,Traffico,Urbana,Andria,BAT,IT,Italy,PM10,19.0,50.0,6,µg/m³,38.0,2024-05-23,Arpa Puglia - Direzione Scientifica - Centro Regionale Aria,Arpa Puglia - Sistemi Informativi,ARPAP,v1.0.0,#9acc00,Andria - Vaccina
Feature,Point,"[16.30394, 41.233276]",63,Andria - Vaccina,RRQA,PUBBLICO,Traffico,Urbana,Andria,BAT,IT,Italy,PM2.5,8.0,25.0,6,µg/m³,32.0,2024-05-23,Arpa Puglia - Direzione Scientifica - Centro Regionale Aria,Arpa Puglia - Sistemi Informativi,ARPAP,v1.0.0,#00ffff,Andria - Vaccina
Feature,Point,"[16.286112, 41.316666]",71,Barletta - Casardi,RRQA,PUBBLICO,Fondo,Urbana,Barletta,BAT,IT,Italy,C6H6,0.2,5.0,0,µg/m³,4.0,2024-05-23,Arpa Puglia - Direzione Scientifica - Centro Regionale Aria,Arpa Puglia - Sistemi Informativi,ARPAP,v1.0.0,#00ffff,Barletta - Casardi
Feature,Point,"[16.286112, 41.316666]",71,Barletta - Casardi,RRQA,PUBBLICO,Fondo,Urbana,Barletta,BAT,IT,Italy,NO2,26.0,200.0,0,µg/m³,13.0,2024-05-23,Arpa Puglia - Direzione Scientifica - Centro Regionale Aria,Arpa Puglia - Sistemi Informativi,ARPAP,v1.0.0,#00ffff,Barletta - Casardi
Feature,Point,"[16.286112, 41.316666]",71,Barletta - Casardi,RRQA,PUBBLICO,Fondo,Urbana,Barletta,BAT,IT,Italy,O3,90.0,180.0,0,µg/m³,50.0,2024-05-23,Arpa Puglia - Direzione Scientifica - Centro Regionale Aria,Arpa Puglia - Sistemi Informativi,ARPAP,v1.0.0,#9acc00,Barletta - Casardi
Feature,Point,"[16.286112, 41.316666]",71,Barletta - Casardi,RRQA,PUBBLICO,Fondo,Urbana,Barletta,BAT,IT,Italy,PM10,13.0,50.0,6,µg/m³,26.0,2024-05-23,Arpa Puglia - Direzione Scientifica - Centro Regionale Aria,Arpa Puglia - Sistemi Informativi,ARPAP,v1.0.0,#00ffff,Barletta - Casardi
Feature,Point,"[16.286112, 41.316666]",71,Barletta - Casardi,RRQA,PUBBLICO,Fondo,Urbana,Barletta,BAT,IT,Italy,PM2.5,5.0,25.0,4,µg/m³,20.0,2024-05-23,Arpa Puglia - Direzione Scientifica - Centro Regionale Aria,Arpa Puglia - Sistemi Informativi,ARPAP,v1.0.0,#00ffff,Barletta - Casardi
Feature,Point,"[16.293055, 41.318333]",109,Barletta - Mezzo Mobile Via Trani,RRQA,PRIVATO,Industriale,Suburbana,Barletta,BAT,IT,Italy,CO,0.3,10.0,0,mg/m³,3.0,2024-05-23,Arpa Puglia - Direzione Scientifica - Centro Regionale Aria,Arpa Puglia - Sistemi Informativi,ARPAP,v1.0.0,#00ffff,Barletta - Mezzo Mobile Via Trani
Feature,Point,"[16.293055, 41.318333]",109,Barletta - Mezzo Mobile Via Trani,RRQA,PRIVATO,Industriale,Suburbana,Barletta,BAT,IT,Italy,H2S,1.0,,0,µg/m³,,2024-05-23,Arpa Puglia - Direzione Scientifica - Centro Regionale Aria,Arpa Puglia - Sistemi Informativi,ARPAP,v1.0.0,#ffffff,Barletta - Mezzo Mobile Via Trani
Feature,Point,"[16.293055, 41.318333]",109,Barletta - Mezzo Mobile Via Trani,RRQA,PRIVATO,Industriale,Suburbana,Barletta,BAT,IT,Italy,NO2,28.0,200.0,0,µg/m³,14.0,2024-05-23,Arpa Puglia - Direzione Scientifica - Centro Regionale Aria,Arpa Puglia - Sistemi Informativi,ARPAP,v1.0.0,#00ffff,Barletta - Mezzo Mobile Via Trani
Feature,Point,"[16.293055, 41.318333]",109,Barletta - Mezzo Mobile Via Trani,RRQA,PRIVATO,Industriale,Suburbana,Barletta,BAT,IT,Italy,O3,96.0,180.0,0,µg/m³,53.0,2024-05-23,Arpa Puglia - Direzione Scientifica - Centro Regionale Aria,Arpa Puglia - Sistemi Informativi,ARPAP,v1.0.0,#9acc00,Barletta - Mezzo Mobile Via Trani
Feature,Point,"[16.293055, 41.318333]",109,Barletta - Mezzo Mobile Via Trani,RRQA,PRIVATO,Industriale,Suburbana,Barletta,BAT,IT,Italy,PM10,15.0,50.0,4,µg/m³,30.0,2024-05-23,Arpa Puglia - Direzione Scientifica - Centro Regionale Aria,Arpa Puglia - Sistemi Informativi,ARPAP,v1.0.0,#00ffff,Barletta - Mezzo Mobile Via Trani
Feature,Point,"[16.293055, 41.318333]",109,Barletta - Mezzo Mobile Via Trani,RRQA,PRIVATO,Industriale,Suburbana,Barletta,BAT,IT,Italy,PM2.5,7.0,25.0,5,µg/m³,28.0,2024-05-23,Arpa Puglia - Direzione Scientifica - Centro Regionale Aria,Arpa Puglia - Sistemi Informativi,ARPAP,v1.0.0,#00ffff,Barletta - Mezzo Mobile Via Trani
Feature,Point,"[16.293055, 41.318333]",109,Barletta - Mezzo Mobile Via Trani,RRQA,PRIVATO,Industriale,Suburbana,Barletta,BAT,IT,Italy,SO2,13.3,350.0,0,µg/m³,4.0,2024-05-23,Arpa Puglia - Direzione Scientifica - Centro Regionale Aria,Arpa Puglia - Sistemi Informativi,ARPAP,v1.0.0,#00ffff,Barletta - Mezzo Mobile Via Trani
Feature,Point,"[17.921778, 40.630917]",78,Brindisi - Cappuccini,RRQA,PUBBLICO,Traffico,Urbana,Brindisi,Brindisi,IT,Italy,CO,0.1,10.0,0,mg/m³,1.0,2024-05-23,Arpa Puglia - Direzione Scientifica - Centro Regionale Aria,Arpa Puglia - Sistemi Informativi,ARPAP,v1.0.0,#00ffff,Brindisi - Cappuccini
Feature,Point,"[17.921778, 40.630917]",78,Brindisi - Cappuccini,RRQA,PUBBLICO,Traffico,Urbana,Brindisi,Brindisi,IT,Italy,NO2,34.0,200.0,0,µg/m³,17.0,2024-05-23,Arpa Puglia - Direzione Scientifica - Centro Regionale Aria,Arpa Puglia - Sistemi Informativi,ARPAP,v1.0.0,#00ffff,Brindisi - Cappuccini
Feature,Point,"[17.921778, 40.630917]",78,Brindisi - Cappuccini,RRQA,PUBBLICO,Traffico,Urbana,Brindisi,Brindisi,IT,Italy,PM10,18.0,50.0,6,µg/m³,36.0,2024-05-23,Arpa Puglia - Direzione Scientifica - Centro Regionale Aria,Arpa Puglia - Sistemi Informativi,ARPAP,v1.0.0,#9acc00,Brindisi - Cappuccini
Feature,Point,"[17.921778, 40.630917]",78,Brindisi - Cappuccini,RRQA,PUBBLICO,Traffico,Urbana,Brindisi,Brindisi,IT,Italy,SO2,1.6,350.0,0,µg/m³,0.0,2024-05-23,Arpa Puglia - Direzione Scientifica - Centro Regionale Aria,Arpa Puglia - Sistemi Informativi,ARPAP,v1.0.0,#00ffff,Brindisi - Cappuccini
Feature,Point,"[17.94257, 40.65008]",35,Brindisi - Casale,RRQA,PUBBLICO,Fondo,Urbana,Brindisi,Brindisi,IT,Italy,NO2,22.0,200.0,0,µg/m³,11.0,2024-05-23,Arpa Puglia - Direzione Scientifica - Centro Regionale Aria,Arpa Puglia - Sistemi Informativi,ARPAP,v1.0.0,#00ffff,Brindisi - Casale
Feature,Point,"[17.94257, 40.65008]",35,Brindisi - Casale,RRQA,PUBBLICO,Fondo,Urbana,Brindisi,Brindisi,IT,Italy,O3,108.0,180.0,0,µg/m³,60.0,2024-05-23,Arpa Puglia - Direzione Scientifica - Centro Regionale Aria,Arpa Puglia - Sistemi Informativi,ARPAP,v1.0.0,#9acc00,Brindisi - Casale
Feature,Point,"[17.94257, 40.65008]",35,Brindisi - Casale,RRQA,PUBBLICO,Fondo,Urbana,Brindisi,Brindisi,IT,Italy,PM10,13.0,50.0,5,µg/m³,26.0,2024-05-23,Arpa Puglia - Direzione Scientifica - Centro Regionale Aria,Arpa Puglia - Sistemi Informativi,ARPAP,v1.0.0,#00ffff,Brindisi - Casale
Feature,Point,"[17.94257, 40.65008]",35,Brindisi - Casale,RRQA,PUBBLICO,Fondo,Urbana,Brindisi,Brindisi,IT,Italy,PM2.5,7.0,25.0,7,µg/m³,28.0,2024-05-23,Arpa Puglia - Direzione Scientifica - Centro Regionale Aria,Arpa Puglia - Sistemi Informativi,ARPAP,v1.0.0,#00ffff,Brindisi - Casale
Feature,Point,"[17.954779, 40.63136]",77,Brindisi - Perrino,RRQA,PUBBLICO,Fondo,Suburbana,Brindisi,Brindisi,IT,Italy,CO,0.1,10.0,0,mg/m³,1.0,2024-05-23,Arpa Puglia - Direzione Scientifica - Centro Regionale Aria,Arpa Puglia - Sistemi Informativi,ARPAP,v1.0.0,#00ffff,Brindisi - Perrino
Feature,Point,"[17.954779, 40.63136]",77,Brindisi - Perrino,RRQA,PUBBLICO,Fondo,Suburbana,Brindisi,Brindisi,IT,Italy,NO2,,200.0,0,µg/m³,,2024-05-23,Arpa Puglia - Direzione Scientifica - Centro Regionale Aria,Arpa Puglia - Sistemi Informativi,ARPAP,v1.0.0,#ffffff,Brindisi - Perrino
Feature,Point,"[17.954779, 40.63136]",77,Brindisi - Perrino,RRQA,PUBBLICO,Fondo,Suburbana,Brindisi,Brindisi,IT,Italy,PM10,13.0,50.0,5,µg/m³,26.0,2024-05-23,Arpa Puglia - Direzione Scientifica - Centro Regionale Aria,Arpa Puglia - Sistemi Informativi,ARPAP,v1.0.0,#00ffff,Brindisi - Perrino
Feature,Point,"[17.954779, 40.63136]",77,Brindisi - Perrino,RRQA,PUBBLICO,Fondo,Suburbana,Brindisi,Brindisi,IT,Italy,SO2,1.1,350.0,0,µg/m³,0.0,2024-05-23,Arpa Puglia - Direzione Scientifica - Centro Regionale Aria,Arpa Puglia - Sistemi Informativi,ARPAP,v1.0.0,#00ffff,Brindisi - Perrino
Feature,Point,"[17.97504, 40.624737]",36,Brindisi - SISRI,RRQA,PUBBLICO,Industriale,Suburbana,Brindisi,Brindisi,IT,Italy,C6H6,0.3,5.0,0,µg/m³,6.0,2024-05-23,Arpa Puglia - Direzione Scientifica - Centro Regionale Aria,Arpa Puglia - Sistemi Informativi,ARPAP,v1.0.0,#00ffff,Brindisi - SISRI
Feature,Point,"[17.97504, 40.624737]",36,Brindisi - SISRI,RRQA,PUBBLICO,Industriale,Suburbana,Brindisi,Brindisi,IT,Italy,CO,0.3,10.0,0,mg/m³,3.0,2024-05-23,Arpa Puglia - Direzione Scientifica - Centro Regionale Aria,Arpa Puglia - Sistemi Informativi,ARPAP,v1.0.0,#00ffff,Brindisi - SISRI
Feature,Point,"[17.97504, 40.624737]",36,Brindisi - SISRI,RRQA,PUBBLICO,Industriale,Suburbana,Brindisi,Brindisi,IT,Italy,IPA,2.0,,0,ng/m³,,2024-05-23,Arpa Puglia - Direzione Scientifica - Centro Regionale Aria,Arpa Puglia - Sistemi Informativi,ARPAP,v1.0.0,#ffffff,Brindisi - SISRI
Feature,Point,"[17.97504, 40.624737]",36,Brindisi - SISRI,RRQA,PUBBLICO,Industriale,Suburbana,Brindisi,Brindisi,IT,Italy,NO2,31.0,200.0,0,µg/m³,16.0,2024-05-23,Arpa Puglia - Direzione Scientifica - Centro Regionale Aria,Arpa Puglia - Sistemi Informativi,ARPAP,v1.0.0,#00ffff,Brindisi - SISRI
Feature,Point,"[17.97504, 40.624737]",36,Brindisi - SISRI,RRQA,PUBBLICO,Industriale,Suburbana,Brindisi,Brindisi,IT,Italy,PM10,13.0,50.0,5,µg/m³,26.0,2024-05-23,Arpa Puglia - Direzione Scientifica - Centro Regionale Aria,Arpa Puglia - Sistemi Informativi,ARPAP,v1.0.0,#00ffff,Brindisi - SISRI
Feature,Point,"[17.97504, 40.624737]",36,Brindisi - SISRI,RRQA,PUBBLICO,Industriale,Suburbana,Brindisi,Brindisi,IT,Italy,SO2,3.5,350.0,0,µg/m³,1.0,2024-05-23,Arpa Puglia - Direzione Scientifica - Centro Regionale Aria,Arpa Puglia - Sistemi Informativi,ARPAP,v1.0.0,#00ffff,Brindisi - SISRI
Feature,Point,"[17.961687, 40.64743]",67,Brindisi - Terminal Passeggeri,RRQA,PUBBLICO,Industriale,Suburbana,Brindisi,Brindisi,IT,Italy,C6H6,0.2,5.0,0,µg/m³,4.0,2024-05-23,Arpa Puglia - Direzione Scientifica - Centro Regionale Aria,Arpa Puglia - Sistemi Informativi,ARPAP,v1.0.0,#00ffff,Brindisi - Terminal Passeggeri
Feature,Point,"[17.961687, 40.64743]",67,Brindisi - Terminal Passeggeri,RRQA,PUBBLICO,Industriale,Suburbana,Brindisi,Brindisi,IT,Italy,CO,0.2,10.0,0,mg/m³,2.0,2024-05-23,Arpa Puglia - Direzione Scientifica - Centro Regionale Aria,Arpa Puglia - Sistemi Informativi,ARPAP,v1.0.0,#00ffff,Brindisi - Terminal Passeggeri
Feature,Point,"[17.961687, 40.64743]",67,Brindisi - Terminal Passeggeri,RRQA,PUBBLICO,Industriale,Suburbana,Brindisi,Brindisi,IT,Italy,NO2,34.0,200.0,0,µg/m³,17.0,2024-05-23,Arpa Puglia - Direzione Scientifica - Centro Regionale Aria,Arpa Puglia - Sistemi Informativi,ARPAP,v1.0.0,#00ffff,Brindisi - Terminal Passeggeri
Feature,Point,"[17.961687, 40.64743]",67,Brindisi - Terminal Passeggeri,RRQA,PUBBLICO,Industriale,Suburbana,Brindisi,Brindisi,IT,Italy,O3,104.0,180.0,0,µg/m³,58.0,2024-05-23,Arpa Puglia - Direzione Scientifica - Centro Regionale Aria,Arpa Puglia - Sistemi Informativi,ARPAP,v1.0.0,#9acc00,Brindisi - Terminal Passeggeri
Feature,Point,"[17.961687, 40.64743]",67,Brindisi - Terminal Passeggeri,RRQA,PUBBLICO,Industriale,Suburbana,Brindisi,Brindisi,IT,Italy,PM10,14.0,50.0,5,µg/m³,28.0,2024-05-23,Arpa Puglia - Direzione Scientifica - Centro Regionale Aria,Arpa Puglia - Sistemi Informativi,ARPAP,v1.0.0,#00ffff,Brindisi - Terminal Passeggeri
Feature,Point,"[17.961687, 40.64743]",67,Brindisi - Terminal Passeggeri,RRQA,PUBBLICO,Industriale,Suburbana,Brindisi,Brindisi,IT,Italy,PM2.5,6.0,25.0,4,µg/m³,24.0,2024-05-23,Arpa Puglia - Direzione Scientifica - Centro Regionale Aria,Arpa Puglia - Sistemi Informativi,ARPAP,v1.0.0,#00ffff,Brindisi - Terminal Passeggeri
Feature,Point,"[17.961687, 40.64743]",67,Brindisi - Terminal Passeggeri,RRQA,PUBBLICO,Industriale,Suburbana,Brindisi,Brindisi,IT,Italy,SO2,4.0,350.0,0,µg/m³,1.0,2024-05-23,Arpa Puglia - Direzione Scientifica - Centro Regionale Aria,Arpa Puglia - Sistemi Informativi,ARPAP,v1.0.0,#00ffff,Brindisi - Terminal Passeggeri
Feature,Point,"[17.938152, 40.63875]",33,Brindisi - Via dei Mille,RRQA,PUBBLICO,Traffico,Urbana,Brindisi,Brindisi,IT,Italy,C6H6,0.3,5.0,0,µg/m³,6.0,2024-05-23,Arpa Puglia - Direzione Scientifica - Centro Regionale Aria,Arpa Puglia - Sistemi Informativi,ARPAP,v1.0.0,#00ffff,Brindisi - Via dei Mille
Feature,Point,"[17.938152, 40.63875]",33,Brindisi - Via dei Mille,RRQA,PUBBLICO,Traffico,Urbana,Brindisi,Brindisi,IT,Italy,NO2,58.0,200.0,0,µg/m³,29.0,2024-05-23,Arpa Puglia - Direzione Scientifica - Centro Regionale Aria,Arpa Puglia - Sistemi Informativi,ARPAP,v1.0.0,#00ffff,Brindisi - Via dei Mille
Feature,Point,"[17.938152, 40.63875]",33,Brindisi - Via dei Mille,RRQA,PUBBLICO,Traffico,Urbana,Brindisi,Brindisi,IT,Italy,PM10,14.0,50.0,3,µg/m³,28.0,2024-05-23,Arpa Puglia - Direzione Scientifica - Centro Regionale Aria,Arpa Puglia - Sistemi Informativi,ARPAP,v1.0.0,#00ffff,Brindisi - Via dei Mille
Feature,Point,"[17.947777, 40.634167]",24,Brindisi - Via Taranto,RRQA,PUBBLICO,Traffico,Urbana,Brindisi,Brindisi,IT,Italy,C6H6,0.3,5.0,0,µg/m³,6.0,2024-05-23,Arpa Puglia - Direzione Scientifica - Centro Regionale Aria,Arpa Puglia - Sistemi Informativi,ARPAP,v1.0.0,#00ffff,Brindisi - Via Taranto
Feature,Point,"[17.947777, 40.634167]",24,Brindisi - Via Taranto,RRQA,PUBBLICO,Traffico,Urbana,Brindisi,Brindisi,IT,Italy,CO,0.3,10.0,0,mg/m³,3.0,2024-05-23,Arpa Puglia - Direzione Scientifica - Centro Regionale Aria,Arpa Puglia - Sistemi Informativi,ARPAP,v1.0.0,#00ffff,Brindisi - Via Taranto
Feature,Point,"[17.947777, 40.634167]",24,Brindisi - Via Taranto,RRQA,PUBBLICO,Traffico,Urbana,Brindisi,Brindisi,IT,Italy,NO2,23.0,200.0,0,µg/m³,12.0,2024-05-23,Arpa Puglia - Direzione Scientifica - Centro Regionale Aria,Arpa Puglia - Sistemi Informativi,ARPAP,v1.0.0,#00ffff,Brindisi - Via Taranto
Feature,Point,"[17.947777, 40.634167]",24,Brindisi - Via Taranto,RRQA,PUBBLICO,Traffico,Urbana,Brindisi,Brindisi,IT,Italy,PM10,15.0,50.0,2,µg/m³,30.0,2024-05-23,Arpa Puglia - Direzione Scientifica - Centro Regionale Aria,Arpa Puglia - Sistemi Informativi,ARPAP,v1.0.0,#00ffff,Brindisi - Via Taranto
Feature,Point,"[17.947777, 40.634167]",24,Brindisi - Via Taranto,RRQA,PUBBLICO,Traffico,Urbana,Brindisi,Brindisi,IT,Italy,PM2.5,6.0,25.0,5,µg/m³,24.0,2024-05-23,Arpa Puglia - Direzione Scientifica - Centro Regionale Aria,Arpa Puglia - Sistemi Informativi,ARPAP,v1.0.0,#00ffff,Brindisi - Via Taranto
Feature,Point,"[17.5125, 40.649166]",96,Ceglie Messapica,RRQA,PUBBLICO,Fondo,Suburbana,Ceglie Messapica,Brindisi,IT,Italy,C6H6,0.1,5.0,0,µg/m³,2.0,2024-05-23,Arpa Puglia - Direzione Scientifica - Centro Regionale Aria,Arpa Puglia - Sistemi Informativi,ARPAP,v1.0.0,#00ffff,Ceglie Messapica
Feature,Point,"[17.5125, 40.649166]",96,Ceglie Messapica,RRQA,PUBBLICO,Fondo,Suburbana,Ceglie Messapica,Brindisi,IT,Italy,CO,0.3,10.0,0,mg/m³,3.0,2024-05-23,Arpa Puglia - Direzione Scientifica - Centro Regionale Aria,Arpa Puglia - Sistemi Informativi,ARPAP,v1.0.0,#00ffff,Ceglie Messapica
Feature,Point,"[17.5125, 40.649166]",96,Ceglie Messapica,RRQA,PUBBLICO,Fondo,Suburbana,Ceglie Messapica,Brindisi,IT,Italy,NO2,22.0,200.0,0,µg/m³,11.0,2024-05-23,Arpa Puglia - Direzione Scientifica - Centro Regionale Aria,Arpa Puglia - Sistemi Informativi,ARPAP,v1.0.0,#00ffff,Ceglie Messapica
Feature,Point,"[17.5125, 40.649166]",96,Ceglie Messapica,RRQA,PUBBLICO,Fondo,Suburbana,Ceglie Messapica,Brindisi,IT,Italy,PM10,14.0,50.0,6,µg/m³,28.0,2024-05-23,Arpa Puglia - Direzione Scientifica - Centro Regionale Aria,Arpa Puglia - Sistemi Informativi,ARPAP,v1.0.0,#00ffff,Ceglie Messapica
Feature,Point,"[17.5125, 40.649166]",96,Ceglie Messapica,RRQA,PUBBLICO,Fondo,Suburbana,Ceglie Messapica,Brindisi,IT,Italy,PM2.5,8.0,25.0,6,µg/m³,32.0,2024-05-23,Arpa Puglia - Direzione Scientifica - Centro Regionale Aria,Arpa Puglia - Sistemi Informativi,ARPAP,v1.0.0,#00ffff,Ceglie Messapica
Feature,Point,"[17.5125, 40.649166]",96,Ceglie Messapica,RRQA,PUBBLICO,Fondo,Suburbana,Ceglie Messapica,Brindisi,IT,Italy,SO2,3.9,350.0,0,µg/m³,1.0,2024-05-23,Arpa Puglia - Direzione Scientifica - Centro Regionale Aria,Arpa Puglia - Sistemi Informativi,ARPAP,v1.0.0,#00ffff,Ceglie Messapica
Feature,Point,"[17.415833, 40.74278]",108,Cisternino,RRQA,PUBBLICO,Fondo,Rurale,Cisternino,Brindisi,IT,Italy,NO2,15.0,200.0,0,µg/m³,8.0,2024-05-23,Arpa Puglia - Direzione Scientifica - Centro Regionale Aria,Arpa Puglia - Sistemi Informativi,ARPAP,v1.0.0,#00ffff,Cisternino
Feature,Point,"[17.415833, 40.74278]",108,Cisternino,RRQA,PUBBLICO,Fondo,Rurale,Cisternino,Brindisi,IT,Italy,O3,108.0,180.0,0,µg/m³,60.0,2024-05-23,Arpa Puglia - Direzione Scientifica - Centro Regionale Aria,Arpa Puglia - Sistemi Informativi,ARPAP,v1.0.0,#9acc00,Cisternino
Feature,Point,"[17.415833, 40.74278]",108,Cisternino,RRQA,PUBBLICO,Fondo,Rurale,Cisternino,Brindisi,IT,Italy,PM10,9.0,50.0,3,µg/m³,18.0,2024-05-23,Arpa Puglia - Direzione Scientifica - Centro Regionale Aria,Arpa Puglia - Sistemi Informativi,ARPAP,v1.0.0,#00ffff,Cisternino
Feature,Point,"[17.415833, 40.74278]",108,Cisternino,RRQA,PUBBLICO,Fondo,Rurale,Cisternino,Brindisi,IT,Italy,SO2,0.8,350.0,0,µg/m³,0.0,2024-05-23,Arpa Puglia - Direzione Scientifica - Centro Regionale Aria,Arpa Puglia - Sistemi Informativi,ARPAP,v1.0.0,#00ffff,Cisternino
Feature,Point,"[17.588331, 40.529163]",72,Francavilla Fontana,RRQA,PUBBLICO,Traffico,Suburbana,Francavilla Fontana,Brindisi,IT,Italy,C6H6,,5.0,0,µg/m³,,2024-05-23,Arpa Puglia - Direzione Scientifica - Centro Regionale Aria,Arpa Puglia - Sistemi Informativi,ARPAP,v1.0.0,#ffffff,Francavilla Fontana
Feature,Point,"[17.588331, 40.529163]",72,Francavilla Fontana,RRQA,PUBBLICO,Traffico,Suburbana,Francavilla Fontana,Brindisi,IT,Italy,NO2,24.0,200.0,0,µg/m³,12.0,2024-05-23,Arpa Puglia - Direzione Scientifica - Centro Regionale Aria,Arpa Puglia - Sistemi Informativi,ARPAP,v1.0.0,#00ffff,Francavilla Fontana
Feature,Point,"[17.588331, 40.529163]",72,Francavilla Fontana,RRQA,PUBBLICO,Traffico,Suburbana,Francavilla Fontana,Brindisi,IT,Italy,PM10,14.0,50.0,16,µg/m³,28.0,2024-05-23,Arpa Puglia - Direzione Scientifica - Centro Regionale Aria,Arpa Puglia - Sistemi Informativi,ARPAP,v1.0.0,#00ffff,Francavilla Fontana
Feature,Point,"[17.807999, 40.565994]",23,Mesagne - Via Udine,RRQA,PUBBLICO,Fondo,Suburbana,Mesagne,Brindisi,IT,Italy,NO2,20.0,200.0,0,µg/m³,10.0,2024-05-23,Arpa Puglia - Direzione Scientifica - Centro Regionale Aria,Arpa Puglia - Sistemi Informativi,ARPAP,v1.0.0,#00ffff,Mesagne - Via Udine
Feature,Point,"[17.807999, 40.565994]",23,Mesagne - Via Udine,RRQA,PUBBLICO,Fondo,Suburbana,Mesagne,Brindisi,IT,Italy,PM10,19.0,50.0,7,µg/m³,38.0,2024-05-23,Arpa Puglia - Direzione Scientifica - Centro Regionale Aria,Arpa Puglia - Sistemi Informativi,ARPAP,v1.0.0,#9acc00,Mesagne - Via Udine
Feature,Point,"[17.845999, 40.422993]",25,San Pancrazio,RRQA,PUBBLICO,Fondo,Suburbana,San Pancrazio Salentino,Brindisi,IT,Italy,NO2,9.0,200.0,0,µg/m³,5.0,2024-05-23,Arpa Puglia - Direzione Scientifica - Centro Regionale Aria,Arpa Puglia - Sistemi Informativi,ARPAP,v1.0.0,#00ffff,San Pancrazio
Feature,Point,"[17.845999, 40.422993]",25,San Pancrazio,RRQA,PUBBLICO,Fondo,Suburbana,San Pancrazio Salentino,Brindisi,IT,Italy,PM10,14.0,50.0,14,µg/m³,28.0,2024-05-23,Arpa Puglia - Direzione Scientifica - Centro Regionale Aria,Arpa Puglia - Sistemi Informativi,ARPAP,v1.0.0,#00ffff,San Pancrazio
Feature,Point,"[18.005995, 40.485996]",26,San Pietro Vernotico,RRQA,PUBBLICO,Industriale,Suburbana,San Pietro Vernotico,Brindisi,IT,Italy,NO2,13.0,200.0,0,µg/m³,7.0,2024-05-23,Arpa Puglia - Direzione Scientifica - Centro Regionale Aria,Arpa Puglia - Sistemi Informativi,ARPAP,v1.0.0,#00ffff,San Pietro Vernotico
Feature,Point,"[18.005995, 40.485996]",26,San Pietro Vernotico,RRQA,PUBBLICO,Industriale,Suburbana,San Pietro Vernotico,Brindisi,IT,Italy,PM10,12.0,50.0,6,µg/m³,24.0,2024-05-23,Arpa Puglia - Direzione Scientifica - Centro Regionale Aria,Arpa Puglia - Sistemi Informativi,ARPAP,v1.0.0,#00ffff,San Pietro Vernotico
Feature,Point,"[18.053991, 40.488]",27,Torchiarolo - Don Minzoni,RRQA,PUBBLICO,Industriale,Suburbana,Torchiarolo,Brindisi,IT,Italy,C6H6,0.3,5.0,0,µg/m³,6.0,2024-05-23,Arpa Puglia - Direzione Scientifica - Centro Regionale Aria,Arpa Puglia - Sistemi Informativi,ARPAP,v1.0.0,#00ffff,Torchiarolo - Don Minzoni
Feature,Point,"[18.053991, 40.488]",27,Torchiarolo - Don Minzoni,RRQA,PUBBLICO,Industriale,Suburbana,Torchiarolo,Brindisi,IT,Italy,CO,0.7,10.0,0,mg/m³,7.0,2024-05-23,Arpa Puglia - Direzione Scientifica - Centro Regionale Aria,Arpa Puglia - Sistemi Informativi,ARPAP,v1.0.0,#00ffff,Torchiarolo - Don Minzoni
Feature,Point,"[18.053991, 40.488]",27,Torchiarolo - Don Minzoni,RRQA,PUBBLICO,Industriale,Suburbana,Torchiarolo,Brindisi,IT,Italy,IPA,3.0,,0,ng/m³,,2024-05-23,Arpa Puglia - Direzione Scientifica - Centro Regionale Aria,Arpa Puglia - Sistemi Informativi,ARPAP,v1.0.0,#ffffff,Torchiarolo - Don Minzoni
Feature,Point,"[18.053991, 40.488]",27,Torchiarolo - Don Minzoni,RRQA,PUBBLICO,Industriale,Suburbana,Torchiarolo,Brindisi,IT,Italy,NO2,13.0,200.0,0,µg/m³,7.0,2024-05-23,Arpa Puglia - Direzione Scientifica - Centro Regionale Aria,Arpa Puglia - Sistemi Informativi,ARPAP,v1.0.0,#00ffff,Torchiarolo - Don Minzoni
Feature,Point,"[18.053991, 40.488]",27,Torchiarolo - Don Minzoni,RRQA,PUBBLICO,Industriale,Suburbana,Torchiarolo,Brindisi,IT,Italy,PM10,15.0,50.0,15,µg/m³,30.0,2024-05-23,Arpa Puglia - Direzione Scientifica - Centro Regionale Aria,Arpa Puglia - Sistemi Informativi,ARPAP,v1.0.0,#00ffff,Torchiarolo - Don Minzoni
Feature,Point,"[18.053991, 40.488]",27,Torchiarolo - Don Minzoni,RRQA,PUBBLICO,Industriale,Suburbana,Torchiarolo,Brindisi,IT,Italy,PM2.5,9.0,25.0,31,µg/m³,36.0,2024-05-23,Arpa Puglia - Direzione Scientifica - Centro Regionale Aria,Arpa Puglia - Sistemi Informativi,ARPAP,v1.0.0,#9acc00,Torchiarolo - Don Minzoni
Feature,Point,"[18.053991, 40.488]",27,Torchiarolo - Don Minzoni,RRQA,PUBBLICO,Industriale,Suburbana,Torchiarolo,Brindisi,IT,Italy,SO2,2.7,350.0,0,µg/m³,1.0,2024-05-23,Arpa Puglia - Direzione Scientifica - Centro Regionale Aria,Arpa Puglia - Sistemi Informativi,ARPAP,v1.0.0,#00ffff,Torchiarolo - Don Minzoni
Feature,Point,"[18.047226, 40.48945]",93,Torchiarolo - Fanin     ,RRQA,PUBBLICO,Industriale,Suburbana,Torchiarolo,Brindisi,IT,Italy,NO2,28.0,200.0,0,µg/m³,14.0,2024-05-23,Arpa Puglia - Direzione Scientifica - Centro Regionale Aria,Arpa Puglia - Sistemi Informativi,ARPAP,v1.0.0,#00ffff,Torchiarolo - Fanin     
Feature,Point,"[18.047226, 40.48945]",93,Torchiarolo - Fanin     ,RRQA,PUBBLICO,Industriale,Suburbana,Torchiarolo,Brindisi,IT,Italy,PM10,15.0,50.0,6,µg/m³,30.0,2024-05-23,Arpa Puglia - Direzione Scientifica - Centro Regionale Aria,Arpa Puglia - Sistemi Informativi,ARPAP,v1.0.0,#00ffff,Torchiarolo - Fanin     
Feature,Point,"[18.047226, 40.48945]",93,Torchiarolo - Fanin     ,RRQA,PUBBLICO,Industriale,Suburbana,Torchiarolo,Brindisi,IT,Italy,PM2.5,6.0,25.0,8,µg/m³,24.0,2024-05-23,Arpa Puglia - Direzione Scientifica - Centro Regionale Aria,Arpa Puglia - Sistemi Informativi,ARPAP,v1.0.0,#00ffff,Torchiarolo - Fanin     
Feature,Point,"[18.047226, 40.48945]",93,Torchiarolo - Fanin     ,RRQA,PUBBLICO,Industriale,Suburbana,Torchiarolo,Brindisi,IT,Italy,SO2,4.4,350.0,0,µg/m³,1.0,2024-05-23,Arpa Puglia - Direzione Scientifica - Centro Regionale Aria,Arpa Puglia - Sistemi Informativi,ARPAP,v1.0.0,#00ffff,Torchiarolo - Fanin     
Feature,Point,"[18.07888, 40.5175]",94,Torchiarolo-Lendinuso,RRQA,PUBBLICO,Industriale,Rurale,Torchiarolo,Brindisi,IT,Italy,NO2,,200.0,0,µg/m³,,2024-05-23,Arpa Puglia - Direzione Scientifica - Centro Regionale Aria,Arpa Puglia - Sistemi Informativi,ARPAP,v1.0.0,#ffffff,Torchiarolo-Lendinuso
Feature,Point,"[18.07888, 40.5175]",94,Torchiarolo-Lendinuso,RRQA,PUBBLICO,Industriale,Rurale,Torchiarolo,Brindisi,IT,Italy,PM10,14.0,50.0,5,µg/m³,28.0,2024-05-23,Arpa Puglia - Direzione Scientifica - Centro Regionale Aria,Arpa Puglia - Sistemi Informativi,ARPAP,v1.0.0,#00ffff,Torchiarolo-Lendinuso
Feature,Point,"[18.07888, 40.5175]",94,Torchiarolo-Lendinuso,RRQA,PUBBLICO,Industriale,Rurale,Torchiarolo,Brindisi,IT,Italy,SO2,,350.0,0,µg/m³,,2024-05-23,Arpa Puglia - Direzione Scientifica - Centro Regionale Aria,Arpa Puglia - Sistemi Informativi,ARPAP,v1.0.0,#ffffff,Torchiarolo-Lendinuso
Feature,Point,"[15.523055, 41.173054]",111,Candela - Ex Comes,RRQA,PRIVATO,Fondo,Rurale,Candela,Foggia,IT,Italy,CO,0.1,10.0,0,mg/m³,1.0,2024-05-23,Arpa Puglia - Direzione Scientifica - Centro Regionale Aria,Arpa Puglia - Sistemi Informativi,ARPAP,v1.0.0,#00ffff,Candela - Ex Comes
Feature,Point,"[15.523055, 41.173054]",111,Candela - Ex Comes,RRQA,PRIVATO,Fondo,Rurale,Candela,Foggia,IT,Italy,NO2,11.0,200.0,0,µg/m³,6.0,2024-05-23,Arpa Puglia - Direzione Scientifica - Centro Regionale Aria,Arpa Puglia - Sistemi Informativi,ARPAP,v1.0.0,#00ffff,Candela - Ex Comes
Feature,Point,"[15.523055, 41.173054]",111,Candela - Ex Comes,RRQA,PRIVATO,Fondo,Rurale,Candela,Foggia,IT,Italy,O3,106.0,180.0,0,µg/m³,59.0,2024-05-23,Arpa Puglia - Direzione Scientifica - Centro Regionale Aria,Arpa Puglia - Sistemi Informativi,ARPAP,v1.0.0,#9acc00,Candela - Ex Comes
Feature,Point,"[15.523055, 41.173054]",111,Candela - Ex Comes,RRQA,PRIVATO,Fondo,Rurale,Candela,Foggia,IT,Italy,PM10,8.0,50.0,4,µg/m³,16.0,2024-05-23,Arpa Puglia - Direzione Scientifica - Centro Regionale Aria,Arpa Puglia - Sistemi Informativi,ARPAP,v1.0.0,#00ffff,Candela - Ex Comes
Feature,Point,"[15.519444, 41.133057]",110,Candela - Scuola,RRQA,PRIVATO,Fondo,Suburbana,Candela,Foggia,IT,Italy,C6H6,,5.0,0,µg/m³,,2024-05-23,Arpa Puglia - Direzione Scientifica - Centro Regionale Aria,Arpa Puglia - Sistemi Informativi,ARPAP,v1.0.0,#ffffff,Candela - Scuola
Feature,Point,"[15.519444, 41.133057]",110,Candela - Scuola,RRQA,PRIVATO,Fondo,Suburbana,Candela,Foggia,IT,Italy,CO,0.7,10.0,0,mg/m³,7.0,2024-05-23,Arpa Puglia - Direzione Scientifica - Centro Regionale Aria,Arpa Puglia - Sistemi Informativi,ARPAP,v1.0.0,#00ffff,Candela - Scuola
Feature,Point,"[15.519444, 41.133057]",110,Candela - Scuola,RRQA,PRIVATO,Fondo,Suburbana,Candela,Foggia,IT,Italy,NO2,5.0,200.0,0,µg/m³,3.0,2024-05-23,Arpa Puglia - Direzione Scientifica - Centro Regionale Aria,Arpa Puglia - Sistemi Informativi,ARPAP,v1.0.0,#00ffff,Candela - Scuola
Feature,Point,"[15.519444, 41.133057]",110,Candela - Scuola,RRQA,PRIVATO,Fondo,Suburbana,Candela,Foggia,IT,Italy,O3,110.0,180.0,0,µg/m³,61.0,2024-05-23,Arpa Puglia - Direzione Scientifica - Centro Regionale Aria,Arpa Puglia - Sistemi Informativi,ARPAP,v1.0.0,#9acc00,Candela - Scuola
Feature,Point,"[15.519444, 41.133057]",110,Candela - Scuola,RRQA,PRIVATO,Fondo,Suburbana,Candela,Foggia,IT,Italy,PM10,13.0,50.0,5,µg/m³,26.0,2024-05-23,Arpa Puglia - Direzione Scientifica - Centro Regionale Aria,Arpa Puglia - Sistemi Informativi,ARPAP,v1.0.0,#00ffff,Candela - Scuola
Feature,Point,"[15.519444, 41.133057]",110,Candela - Scuola,RRQA,PRIVATO,Fondo,Suburbana,Candela,Foggia,IT,Italy,SO2,3.1,350.0,0,µg/m³,1.0,2024-05-23,Arpa Puglia - Direzione Scientifica - Centro Regionale Aria,Arpa Puglia - Sistemi Informativi,ARPAP,v1.0.0,#00ffff,Candela - Scuola
Feature,Point,"[15.548611, 41.455555]",76,Foggia - Rosati,RRQA,PUBBLICO,Fondo,Urbana,Foggia,Foggia,IT,Italy,C6H6,0.4,5.0,0,µg/m³,8.0,2024-05-23,Arpa Puglia - Direzione Scientifica - Centro Regionale Aria,Arpa Puglia - Sistemi Informativi,ARPAP,v1.0.0,#00ffff,Foggia - Rosati
Feature,Point,"[15.548611, 41.455555]",76,Foggia - Rosati,RRQA,PUBBLICO,Fondo,Urbana,Foggia,Foggia,IT,Italy,CO,0.6,10.0,0,mg/m³,6.0,2024-05-23,Arpa Puglia - Direzione Scientifica - Centro Regionale Aria,Arpa Puglia - Sistemi Informativi,ARPAP,v1.0.0,#00ffff,Foggia - Rosati
Feature,Point,"[15.548611, 41.455555]",76,Foggia - Rosati,RRQA,PUBBLICO,Fondo,Urbana,Foggia,Foggia,IT,Italy,NO2,28.0,200.0,0,µg/m³,14.0,2024-05-23,Arpa Puglia - Direzione Scientifica - Centro Regionale Aria,Arpa Puglia - Sistemi Informativi,ARPAP,v1.0.0,#00ffff,Foggia - Rosati
Feature,Point,"[15.548611, 41.455555]",76,Foggia - Rosati,RRQA,PUBBLICO,Fondo,Urbana,Foggia,Foggia,IT,Italy,PM10,15.0,50.0,4,µg/m³,30.0,2024-05-23,Arpa Puglia - Direzione Scientifica - Centro Regionale Aria,Arpa Puglia - Sistemi Informativi,ARPAP,v1.0.0,#00ffff,Foggia - Rosati
Feature,Point,"[15.548611, 41.455555]",76,Foggia - Rosati,RRQA,PUBBLICO,Fondo,Urbana,Foggia,Foggia,IT,Italy,PM2.5,8.0,25.0,5,µg/m³,32.0,2024-05-23,Arpa Puglia - Direzione Scientifica - Centro Regionale Aria,Arpa Puglia - Sistemi Informativi,ARPAP,v1.0.0,#00ffff,Foggia - Rosati
Feature,Point,"[15.909638, 41.629333]",10,Manfredonia - Mandorli,RRQA,PUBBLICO,Traffico,Suburbana,Manfredonia,Foggia,IT,Italy,C6H6,0.4,5.0,0,µg/m³,8.0,2024-05-23,Arpa Puglia - Direzione Scientifica - Centro Regionale Aria,Arpa Puglia - Sistemi Informativi,ARPAP,v1.0.0,#00ffff,Manfredonia - Mandorli
Feature,Point,"[15.909638, 41.629333]",10,Manfredonia - Mandorli,RRQA,PUBBLICO,Traffico,Suburbana,Manfredonia,Foggia,IT,Italy,CO,0.6,10.0,0,mg/m³,6.0,2024-05-23,Arpa Puglia - Direzione Scientifica - Centro Regionale Aria,Arpa Puglia - Sistemi Informativi,ARPAP,v1.0.0,#00ffff,Manfredonia - Mandorli
Feature,Point,"[15.909638, 41.629333]",10,Manfredonia - Mandorli,RRQA,PUBBLICO,Traffico,Suburbana,Manfredonia,Foggia,IT,Italy,NO2,40.0,200.0,0,µg/m³,20.0,2024-05-23,Arpa Puglia - Direzione Scientifica - Centro Regionale Aria,Arpa Puglia - Sistemi Informativi,ARPAP,v1.0.0,#00ffff,Manfredonia - Mandorli
Feature,Point,"[15.909638, 41.629333]",10,Manfredonia - Mandorli,RRQA,PUBBLICO,Traffico,Suburbana,Manfredonia,Foggia,IT,Italy,PM10,25.0,50.0,3,µg/m³,50.0,2024-05-23,Arpa Puglia - Direzione Scientifica - Centro Regionale Aria,Arpa Puglia - Sistemi Informativi,ARPAP,v1.0.0,#9acc00,Manfredonia - Mandorli
Feature,Point,"[15.945254, 41.666107]",8,Monte S. Angelo - Ciuffreda,RRQA,PUBBLICO,Fondo,Rurale,Monte Sant Angelo,Foggia,IT,Italy,NO2,13.0,200.0,0,µg/m³,7.0,2024-05-23,Arpa Puglia - Direzione Scientifica - Centro Regionale Aria,Arpa Puglia - Sistemi Informativi,ARPAP,v1.0.0,#00ffff,Monte S. Angelo - Ciuffreda
Feature,Point,"[15.945254, 41.666107]",8,Monte S. Angelo - Ciuffreda,RRQA,PUBBLICO,Fondo,Rurale,Monte Sant Angelo,Foggia,IT,Italy,O3,72.0,180.0,0,µg/m³,40.0,2024-05-23,Arpa Puglia - Direzione Scientifica - Centro Regionale Aria,Arpa Puglia - Sistemi Informativi,ARPAP,v1.0.0,#9acc00,Monte S. Angelo - Ciuffreda
Feature,Point,"[15.945254, 41.666107]",8,Monte S. Angelo - Ciuffreda,RRQA,PUBBLICO,Fondo,Rurale,Monte Sant Angelo,Foggia,IT,Italy,PM10,9.0,50.0,2,µg/m³,18.0,2024-05-23,Arpa Puglia - Direzione Scientifica - Centro Regionale Aria,Arpa Puglia - Sistemi Informativi,ARPAP,v1.0.0,#00ffff,Monte S. Angelo - Ciuffreda
Feature,Point,"[15.379722, 41.696945]",112,San Severo  - Municipio,RRQA,PUBBLICO,Fondo,Suburbana,San Severo,Foggia,IT,Italy,CO,0.3,10.0,0,mg/m³,3.0,2024-05-23,Arpa Puglia - Direzione Scientifica - Centro Regionale Aria,Arpa Puglia - Sistemi Informativi,ARPAP,v1.0.0,#00ffff,San Severo  - Municipio
Feature,Point,"[15.379722, 41.696945]",112,San Severo  - Municipio,RRQA,PUBBLICO,Fondo,Suburbana,San Severo,Foggia,IT,Italy,NO2,21.0,200.0,0,µg/m³,11.0,2024-05-23,Arpa Puglia - Direzione Scientifica - Centro Regionale Aria,Arpa Puglia - Sistemi Informativi,ARPAP,v1.0.0,#00ffff,San Severo  - Municipio
Feature,Point,"[15.379722, 41.696945]",112,San Severo  - Municipio,RRQA,PUBBLICO,Fondo,Suburbana,San Severo,Foggia,IT,Italy,O3,89.0,180.0,0,µg/m³,49.0,2024-05-23,Arpa Puglia - Direzione Scientifica - Centro Regionale Aria,Arpa Puglia - Sistemi Informativi,ARPAP,v1.0.0,#9acc00,San Severo  - Municipio
Feature,Point,"[15.379722, 41.696945]",112,San Severo  - Municipio,RRQA,PUBBLICO,Fondo,Suburbana,San Severo,Foggia,IT,Italy,PM10,13.0,50.0,3,µg/m³,26.0,2024-05-23,Arpa Puglia - Direzione Scientifica - Centro Regionale Aria,Arpa Puglia - Sistemi Informativi,ARPAP,v1.0.0,#00ffff,San Severo  - Municipio
Feature,Point,"[15.379722, 41.696945]",112,San Severo  - Municipio,RRQA,PUBBLICO,Fondo,Suburbana,San Severo,Foggia,IT,Italy,PM2.5,5.0,25.0,3,µg/m³,20.0,2024-05-23,Arpa Puglia - Direzione Scientifica - Centro Regionale Aria,Arpa Puglia - Sistemi Informativi,ARPAP,v1.0.0,#00ffff,San Severo  - Municipio
Feature,Point,"[15.440833, 41.546665]",85,San Severo - Azienda Russo,RRQA,PUBBLICO,Fondo,Rurale,San Severo,Foggia,IT,Italy,NO2,7.0,200.0,0,µg/m³,4.0,2024-05-23,Arpa Puglia - Direzione Scientifica - Centro Regionale Aria,Arpa Puglia - Sistemi Informativi,ARPAP,v1.0.0,#00ffff,San Severo - Azienda Russo
Feature,Point,"[15.440833, 41.546665]",85,San Severo - Azienda Russo,RRQA,PUBBLICO,Fondo,Rurale,San Severo,Foggia,IT,Italy,O3,85.0,180.0,0,µg/m³,47.0,2024-05-23,Arpa Puglia - Direzione Scientifica - Centro Regionale Aria,Arpa Puglia - Sistemi Informativi,ARPAP,v1.0.0,#9acc00,San Severo - Azienda Russo
Feature,Point,"[15.440833, 41.546665]",85,San Severo - Azienda Russo,RRQA,PUBBLICO,Fondo,Rurale,San Severo,Foggia,IT,Italy,PM10,,50.0,4,µg/m³,,2024-05-23,Arpa Puglia - Direzione Scientifica - Centro Regionale Aria,Arpa Puglia - Sistemi Informativi,ARPAP,v1.0.0,#ffffff,San Severo - Azienda Russo
Feature,Point,"[15.440833, 41.546665]",85,San Severo - Azienda Russo,RRQA,PUBBLICO,Fondo,Rurale,San Severo,Foggia,IT,Italy,PM2.5,,25.0,2,µg/m³,,2024-05-23,Arpa Puglia - Direzione Scientifica - Centro Regionale Aria,Arpa Puglia - Sistemi Informativi,ARPAP,v1.0.0,#ffffff,San Severo - Azienda Russo
Feature,Point,"[17.21763, 40.50205]",100,Cokeria,ADI,PRIVATO,,,Taranto,TA,IT,Italy,BLACK CARB,352.0,,,ng/m³,,2024-05-23,Arpa Puglia - Direzione Scientifica - Centro Regionale Aria,Arpa Puglia - Sistemi Informativi,ARPAP,v1.0.0,#ffffff,Cokeria
Feature,Point,"[17.21763, 40.50205]",100,Cokeria,ADI,PRIVATO,,,Taranto,TA,IT,Italy,C6H6,,5.0,86,µg/m³,,2024-05-23,Arpa Puglia - Direzione Scientifica - Centro Regionale Aria,Arpa Puglia - Sistemi Informativi,ARPAP,v1.0.0,#ffffff,Cokeria
Feature,Point,"[17.21763, 40.50205]",100,Cokeria,ADI,PRIVATO,,,Taranto,TA,IT,Italy,H2S,2.0,,,µg/m³,,2024-05-23,Arpa Puglia - Direzione Scientifica - Centro Regionale Aria,Arpa Puglia - Sistemi Informativi,ARPAP,v1.0.0,#ffffff,Cokeria
Feature,Point,"[17.21763, 40.50205]",100,Cokeria,ADI,PRIVATO,,,Taranto,TA,IT,Italy,IPA,8.0,,,ng/m³,,2024-05-23,Arpa Puglia - Direzione Scientifica - Centro Regionale Aria,Arpa Puglia - Sistemi Informativi,ARPAP,v1.0.0,#ffffff,Cokeria
Feature,Point,"[17.21763, 40.50205]",100,Cokeria,ADI,PRIVATO,,,Taranto,TA,IT,Italy,PM10,35.0,50.0,45,µg/m³,,2024-05-23,Arpa Puglia - Direzione Scientifica - Centro Regionale Aria,Arpa Puglia - Sistemi Informativi,ARPAP,v1.0.0,#ffffff,Cokeria
Feature,Point,"[17.21763, 40.50205]",100,Cokeria,ADI,PRIVATO,,,Taranto,TA,IT,Italy,PM2.5,19.0,25.0,33,µg/m³,,2024-05-23,Arpa Puglia - Direzione Scientifica - Centro Regionale Aria,Arpa Puglia - Sistemi Informativi,ARPAP,v1.0.0,#ffffff,Cokeria
Feature,Point,"[17.20055, 40.50198]",103,Direzione,ADI,PRIVATO,,,Taranto,TA,IT,Italy,BLACK CARB,359.0,,,ng/m³,,2024-05-23,Arpa Puglia - Direzione Scientifica - Centro Regionale Aria,Arpa Puglia - Sistemi Informativi,ARPAP,v1.0.0,#ffffff,Direzione
Feature,Point,"[17.20055, 40.50198]",103,Direzione,ADI,PRIVATO,,,Taranto,TA,IT,Italy,C6H6,1.1,5.0,59,µg/m³,,2024-05-23,Arpa Puglia - Direzione Scientifica - Centro Regionale Aria,Arpa Puglia - Sistemi Informativi,ARPAP,v1.0.0,#ffffff,Direzione
Feature,Point,"[17.20055, 40.50198]",103,Direzione,ADI,PRIVATO,,,Taranto,TA,IT,Italy,H2S,2.0,,,µg/m³,,2024-05-23,Arpa Puglia - Direzione Scientifica - Centro Regionale Aria,Arpa Puglia - Sistemi Informativi,ARPAP,v1.0.0,#ffffff,Direzione
Feature,Point,"[17.20055, 40.50198]",103,Direzione,ADI,PRIVATO,,,Taranto,TA,IT,Italy,IPA,1.0,,,ng/m³,,2024-05-23,Arpa Puglia - Direzione Scientifica - Centro Regionale Aria,Arpa Puglia - Sistemi Informativi,ARPAP,v1.0.0,#ffffff,Direzione
Feature,Point,"[17.20055, 40.50198]",103,Direzione,ADI,PRIVATO,,,Taranto,TA,IT,Italy,PM10,17.0,50.0,5,µg/m³,,2024-05-23,Arpa Puglia - Direzione Scientifica - Centro Regionale Aria,Arpa Puglia - Sistemi Informativi,ARPAP,v1.0.0,#ffffff,Direzione
Feature,Point,"[17.20055, 40.50198]",103,Direzione,ADI,PRIVATO,,,Taranto,TA,IT,Italy,PM2.5,9.0,25.0,0,µg/m³,,2024-05-23,Arpa Puglia - Direzione Scientifica - Centro Regionale Aria,Arpa Puglia - Sistemi Informativi,ARPAP,v1.0.0,#ffffff,Direzione
Feature,Point,"[17.22218, 40.49673]",104,Meteo Parchi,ADI,PRIVATO,,,Taranto,TA,IT,Italy,BLACK CARB,642.0,,,ng/m³,,2024-05-23,Arpa Puglia - Direzione Scientifica - Centro Regionale Aria,Arpa Puglia - Sistemi Informativi,ARPAP,v1.0.0,#ffffff,Meteo Parchi
Feature,Point,"[17.22218, 40.49673]",104,Meteo Parchi,ADI,PRIVATO,,,Taranto,TA,IT,Italy,C6H6,3.1,5.0,49,µg/m³,,2024-05-23,Arpa Puglia - Direzione Scientifica - Centro Regionale Aria,Arpa Puglia - Sistemi Informativi,ARPAP,v1.0.0,#ffffff,Meteo Parchi
Feature,Point,"[17.22218, 40.49673]",104,Meteo Parchi,ADI,PRIVATO,,,Taranto,TA,IT,Italy,CO,0.3,10.0,0,mg/m³,,2024-05-23,Arpa Puglia - Direzione Scientifica - Centro Regionale Aria,Arpa Puglia - Sistemi Informativi,ARPAP,v1.0.0,#ffffff,Meteo Parchi
Feature,Point,"[17.22218, 40.49673]",104,Meteo Parchi,ADI,PRIVATO,,,Taranto,TA,IT,Italy,H2S,4.0,,,µg/m³,,2024-05-23,Arpa Puglia - Direzione Scientifica - Centro Regionale Aria,Arpa Puglia - Sistemi Informativi,ARPAP,v1.0.0,#ffffff,Meteo Parchi
Feature,Point,"[17.22218, 40.49673]",104,Meteo Parchi,ADI,PRIVATO,,,Taranto,TA,IT,Italy,IPA,3.0,,,ng/m³,,2024-05-23,Arpa Puglia - Direzione Scientifica - Centro Regionale Aria,Arpa Puglia - Sistemi Informativi,ARPAP,v1.0.0,#ffffff,Meteo Parchi
Feature,Point,"[17.22218, 40.49673]",104,Meteo Parchi,ADI,PRIVATO,,,Taranto,TA,IT,Italy,NO2,41.0,200.0,0,µg/m³,,2024-05-23,Arpa Puglia - Direzione Scientifica - Centro Regionale Aria,Arpa Puglia - Sistemi Informativi,ARPAP,v1.0.0,#ffffff,Meteo Parchi
Feature,Point,"[17.22218, 40.49673]",104,Meteo Parchi,ADI,PRIVATO,,,Taranto,TA,IT,Italy,PM10,26.0,50.0,13,µg/m³,,2024-05-23,Arpa Puglia - Direzione Scientifica - Centro Regionale Aria,Arpa Puglia - Sistemi Informativi,ARPAP,v1.0.0,#ffffff,Meteo Parchi
Feature,Point,"[17.22218, 40.49673]",104,Meteo Parchi,ADI,PRIVATO,,,Taranto,TA,IT,Italy,PM2.5,11.0,25.0,2,µg/m³,,2024-05-23,Arpa Puglia - Direzione Scientifica - Centro Regionale Aria,Arpa Puglia - Sistemi Informativi,ARPAP,v1.0.0,#ffffff,Meteo Parchi
Feature,Point,"[17.22218, 40.49673]",104,Meteo Parchi,ADI,PRIVATO,,,Taranto,TA,IT,Italy,SO2,9.3,350.0,8,µg/m³,,2024-05-23,Arpa Puglia - Direzione Scientifica - Centro Regionale Aria,Arpa Puglia - Sistemi Informativi,ARPAP,v1.0.0,#ffffff,Meteo Parchi
Feature,Point,"[17.18656, 40.5189]",105,Portineria C,ADI,PRIVATO,,,Taranto,TA,IT,Italy,BLACK CARB,345.0,,,ng/m³,,2024-05-23,Arpa Puglia - Direzione Scientifica - Centro Regionale Aria,Arpa Puglia - Sistemi Informativi,ARPAP,v1.0.0,#ffffff,Portineria C
Feature,Point,"[17.18656, 40.5189]",105,Portineria C,ADI,PRIVATO,,,Taranto,TA,IT,Italy,C6H6,,5.0,6,µg/m³,,2024-05-23,Arpa Puglia - Direzione Scientifica - Centro Regionale Aria,Arpa Puglia - Sistemi Informativi,ARPAP,v1.0.0,#ffffff,Portineria C
Feature,Point,"[17.18656, 40.5189]",105,Portineria C,ADI,PRIVATO,,,Taranto,TA,IT,Italy,IPA,2.0,,,ng/m³,,2024-05-23,Arpa Puglia - Direzione Scientifica - Centro Regionale Aria,Arpa Puglia - Sistemi Informativi,ARPAP,v1.0.0,#ffffff,Portineria C
Feature,Point,"[17.18656, 40.5189]",105,Portineria C,ADI,PRIVATO,,,Taranto,TA,IT,Italy,PM10,13.0,50.0,3,µg/m³,,2024-05-23,Arpa Puglia - Direzione Scientifica - Centro Regionale Aria,Arpa Puglia - Sistemi Informativi,ARPAP,v1.0.0,#ffffff,Portineria C
Feature,Point,"[17.18656, 40.5189]",105,Portineria C,ADI,PRIVATO,,,Taranto,TA,IT,Italy,PM2.5,8.0,25.0,0,µg/m³,,2024-05-23,Arpa Puglia - Direzione Scientifica - Centro Regionale Aria,Arpa Puglia - Sistemi Informativi,ARPAP,v1.0.0,#ffffff,Portineria C
Feature,Point,"[17.2169, 40.51857]",102,Riv1,ADI,PRIVATO,,,Taranto,TA,IT,Italy,BLACK CARB,356.0,,,ng/m³,,2024-05-23,Arpa Puglia - Direzione Scientifica - Centro Regionale Aria,Arpa Puglia - Sistemi Informativi,ARPAP,v1.0.0,#ffffff,Riv1
Feature,Point,"[17.2169, 40.51857]",102,Riv1,ADI,PRIVATO,,,Taranto,TA,IT,Italy,C6H6,,5.0,8,µg/m³,,2024-05-23,Arpa Puglia - Direzione Scientifica - Centro Regionale Aria,Arpa Puglia - Sistemi Informativi,ARPAP,v1.0.0,#ffffff,Riv1
Feature,Point,"[17.2169, 40.51857]",102,Riv1,ADI,PRIVATO,,,Taranto,TA,IT,Italy,H2S,2.0,,,µg/m³,,2024-05-23,Arpa Puglia - Direzione Scientifica - Centro Regionale Aria,Arpa Puglia - Sistemi Informativi,ARPAP,v1.0.0,#ffffff,Riv1
Feature,Point,"[17.2169, 40.51857]",102,Riv1,ADI,PRIVATO,,,Taranto,TA,IT,Italy,IPA,4.0,,,ng/m³,,2024-05-23,Arpa Puglia - Direzione Scientifica - Centro Regionale Aria,Arpa Puglia - Sistemi Informativi,ARPAP,v1.0.0,#ffffff,Riv1
Feature,Point,"[17.2169, 40.51857]",102,Riv1,ADI,PRIVATO,,,Taranto,TA,IT,Italy,PM10,20.0,50.0,5,µg/m³,,2024-05-23,Arpa Puglia - Direzione Scientifica - Centro Regionale Aria,Arpa Puglia - Sistemi Informativi,ARPAP,v1.0.0,#ffffff,Riv1
Feature,Point,"[17.2169, 40.51857]",102,Riv1,ADI,PRIVATO,,,Taranto,TA,IT,Italy,PM2.5,10.0,25.0,1,µg/m³,,2024-05-23,Arpa Puglia - Direzione Scientifica - Centro Regionale Aria,Arpa Puglia - Sistemi Informativi,ARPAP,v1.0.0,#ffffff,Riv1
Feature,Point,"[17.22583, 40.49451]",101,Tamburi - Via Orsini,RRQA,PRIVATO,,,Taranto,TA,IT,Italy,BLACK CARB,598.0,,0,ng/m³,,2024-05-23,Arpa Puglia - Direzione Scientifica - Centro Regionale Aria,Arpa Puglia - Sistemi Informativi,ARPAP,v1.0.0,#ffffff,Tamburi - Via Orsini
Feature,Point,"[17.22583, 40.49451]",101,Tamburi - Via Orsini,RRQA,PRIVATO,,,Taranto,TA,IT,Italy,C6H6,1.6,5.0,24,µg/m³,32.0,2024-05-23,Arpa Puglia - Direzione Scientifica - Centro Regionale Aria,Arpa Puglia - Sistemi Informativi,ARPAP,v1.0.0,#00ffff,Tamburi - Via Orsini
Feature,Point,"[17.22583, 40.49451]",101,Tamburi - Via Orsini,RRQA,PRIVATO,,,Taranto,TA,IT,Italy,H2S,,,0,µg/m³,,2024-05-23,Arpa Puglia - Direzione Scientifica - Centro Regionale Aria,Arpa Puglia - Sistemi Informativi,ARPAP,v1.0.0,#ffffff,Tamburi - Via Orsini
Feature,Point,"[17.22583, 40.49451]",101,Tamburi - Via Orsini,RRQA,PRIVATO,,,Taranto,TA,IT,Italy,IPA,7.0,,0,ng/m³,,2024-05-23,Arpa Puglia - Direzione Scientifica - Centro Regionale Aria,Arpa Puglia - Sistemi Informativi,ARPAP,v1.0.0,#ffffff,Tamburi - Via Orsini
Feature,Point,"[17.22583, 40.49451]",101,Tamburi - Via Orsini,RRQA,PRIVATO,,,Taranto,TA,IT,Italy,NO2,15.0,200.0,0,µg/m³,8.0,2024-05-23,Arpa Puglia - Direzione Scientifica - Centro Regionale Aria,Arpa Puglia - Sistemi Informativi,ARPAP,v1.0.0,#00ffff,Tamburi - Via Orsini
Feature,Point,"[17.22583, 40.49451]",101,Tamburi - Via Orsini,RRQA,PRIVATO,,,Taranto,TA,IT,Italy,PM10,19.0,50.0,7,µg/m³,38.0,2024-05-23,Arpa Puglia - Direzione Scientifica - Centro Regionale Aria,Arpa Puglia - Sistemi Informativi,ARPAP,v1.0.0,#9acc00,Tamburi - Via Orsini
Feature,Point,"[17.22583, 40.49451]",101,Tamburi - Via Orsini,RRQA,PRIVATO,,,Taranto,TA,IT,Italy,PM2.5,10.0,25.0,1,µg/m³,40.0,2024-05-23,Arpa Puglia - Direzione Scientifica - Centro Regionale Aria,Arpa Puglia - Sistemi Informativi,ARPAP,v1.0.0,#9acc00,Tamburi - Via Orsini
Feature,Point,"[18.095074, 40.34627]",31,Arnesano - Riesci,RRQA,PUBBLICO,Fondo,Suburbana,Arnesano,Lecce,IT,Italy,O3,91.0,180.0,0,µg/m³,51.0,2024-05-23,Arpa Puglia - Direzione Scientifica - Centro Regionale Aria,Arpa Puglia - Sistemi Informativi,ARPAP,v1.0.0,#9acc00,Arnesano - Riesci
Feature,Point,"[18.095074, 40.34627]",31,Arnesano - Riesci,RRQA,PUBBLICO,Fondo,Suburbana,Arnesano,Lecce,IT,Italy,PM10,15.0,50.0,8,µg/m³,30.0,2024-05-23,Arpa Puglia - Direzione Scientifica - Centro Regionale Aria,Arpa Puglia - Sistemi Informativi,ARPAP,v1.0.0,#00ffff,Arnesano - Riesci
Feature,Point,"[18.026508, 40.397507]",51,Campi Salentina,RRQA,PUBBLICO,Fondo,Suburbana,Campi Salentina,Lecce,IT,Italy,NO2,31.0,200.0,0,µg/m³,16.0,2024-05-23,Arpa Puglia - Direzione Scientifica - Centro Regionale Aria,Arpa Puglia - Sistemi Informativi,ARPAP,v1.0.0,#00ffff,Campi Salentina
Feature,Point,"[18.026508, 40.397507]",51,Campi Salentina,RRQA,PUBBLICO,Fondo,Suburbana,Campi Salentina,Lecce,IT,Italy,PM10,14.0,50.0,8,µg/m³,28.0,2024-05-23,Arpa Puglia - Direzione Scientifica - Centro Regionale Aria,Arpa Puglia - Sistemi Informativi,ARPAP,v1.0.0,#00ffff,Campi Salentina
Feature,Point,"[18.026508, 40.397507]",51,Campi Salentina,RRQA,PUBBLICO,Fondo,Suburbana,Campi Salentina,Lecce,IT,Italy,PM2.5,7.0,25.0,16,µg/m³,28.0,2024-05-23,Arpa Puglia - Direzione Scientifica - Centro Regionale Aria,Arpa Puglia - Sistemi Informativi,ARPAP,v1.0.0,#00ffff,Campi Salentina
Feature,Point,"[18.174725, 40.166946]",50,Galatina - I.T.C.  La Porta ,RRQA,PUBBLICO,Industriale,Suburbana,Galatina,Lecce,IT,Italy,CO,,10.0,0,mg/m³,,2024-05-23,Arpa Puglia - Direzione Scientifica - Centro Regionale Aria,Arpa Puglia - Sistemi Informativi,ARPAP,v1.0.0,#ffffff,Galatina - I.T.C.  La Porta 
Feature,Point,"[18.174725, 40.166946]",50,Galatina - I.T.C.  La Porta ,RRQA,PUBBLICO,Industriale,Suburbana,Galatina,Lecce,IT,Italy,NO2,13.0,200.0,0,µg/m³,7.0,2024-05-23,Arpa Puglia - Direzione Scientifica - Centro Regionale Aria,Arpa Puglia - Sistemi Informativi,ARPAP,v1.0.0,#00ffff,Galatina - I.T.C.  La Porta 
Feature,Point,"[18.174725, 40.166946]",50,Galatina - I.T.C.  La Porta ,RRQA,PUBBLICO,Industriale,Suburbana,Galatina,Lecce,IT,Italy,O3,98.0,180.0,0,µg/m³,54.0,2024-05-23,Arpa Puglia - Direzione Scientifica - Centro Regionale Aria,Arpa Puglia - Sistemi Informativi,ARPAP,v1.0.0,#9acc00,Galatina - I.T.C.  La Porta 
Feature,Point,"[18.174725, 40.166946]",50,Galatina - I.T.C.  La Porta ,RRQA,PUBBLICO,Industriale,Suburbana,Galatina,Lecce,IT,Italy,PM10,,50.0,0,µg/m³,,2024-05-23,Arpa Puglia - Direzione Scientifica - Centro Regionale Aria,Arpa Puglia - Sistemi Informativi,ARPAP,v1.0.0,#ffffff,Galatina - I.T.C.  La Porta 
Feature,Point,"[18.174725, 40.166946]",50,Galatina - I.T.C.  La Porta ,RRQA,PUBBLICO,Industriale,Suburbana,Galatina,Lecce,IT,Italy,PM2.5,,25.0,0,µg/m³,,2024-05-23,Arpa Puglia - Direzione Scientifica - Centro Regionale Aria,Arpa Puglia - Sistemi Informativi,ARPAP,v1.0.0,#ffffff,Galatina - I.T.C.  La Porta 
Feature,Point,"[18.192856, 40.163963]",113,Galatina-Colacem,RRQA,PUBBLICO,Industriale,Rurale,Galatina,Lecce,IT,Italy,C6H6,0.3,5.0,0,µg/m³,6.0,2024-05-23,Arpa Puglia - Direzione Scientifica - Centro Regionale Aria,Arpa Puglia - Sistemi Informativi,ARPAP,v1.0.0,#00ffff,Galatina-Colacem
Feature,Point,"[18.192856, 40.163963]",113,Galatina-Colacem,RRQA,PUBBLICO,Industriale,Rurale,Galatina,Lecce,IT,Italy,CO,0.2,10.0,0,mg/m³,2.0,2024-05-23,Arpa Puglia - Direzione Scientifica - Centro Regionale Aria,Arpa Puglia - Sistemi Informativi,ARPAP,v1.0.0,#00ffff,Galatina-Colacem
Feature,Point,"[18.192856, 40.163963]",113,Galatina-Colacem,RRQA,PUBBLICO,Industriale,Rurale,Galatina,Lecce,IT,Italy,NO2,8.0,200.0,0,µg/m³,4.0,2024-05-23,Arpa Puglia - Direzione Scientifica - Centro Regionale Aria,Arpa Puglia - Sistemi Informativi,ARPAP,v1.0.0,#00ffff,Galatina-Colacem
Feature,Point,"[18.192856, 40.163963]",113,Galatina-Colacem,RRQA,PUBBLICO,Industriale,Rurale,Galatina,Lecce,IT,Italy,PM10,13.0,50.0,5,µg/m³,26.0,2024-05-23,Arpa Puglia - Direzione Scientifica - Centro Regionale Aria,Arpa Puglia - Sistemi Informativi,ARPAP,v1.0.0,#00ffff,Galatina-Colacem
Feature,Point,"[18.192856, 40.163963]",113,Galatina-Colacem,RRQA,PUBBLICO,Industriale,Rurale,Galatina,Lecce,IT,Italy,PM2.5,,25.0,0,µg/m³,,2024-05-23,Arpa Puglia - Direzione Scientifica - Centro Regionale Aria,Arpa Puglia - Sistemi Informativi,ARPAP,v1.0.0,#ffffff,Galatina-Colacem
Feature,Point,"[18.192856, 40.163963]",113,Galatina-Colacem,RRQA,PUBBLICO,Industriale,Rurale,Galatina,Lecce,IT,Italy,SO2,1.9,350.0,0,µg/m³,1.0,2024-05-23,Arpa Puglia - Direzione Scientifica - Centro Regionale Aria,Arpa Puglia - Sistemi Informativi,ARPAP,v1.0.0,#00ffff,Galatina-Colacem
Feature,Point,"[17.964478, 40.418526]",28,Guagnano - Villa Baldassarri,RRQA,PUBBLICO,Fondo,Suburbana,Guagnano,Lecce,IT,Italy,NO2,12.0,200.0,0,µg/m³,6.0,2024-05-23,Arpa Puglia - Direzione Scientifica - Centro Regionale Aria,Arpa Puglia - Sistemi Informativi,ARPAP,v1.0.0,#00ffff,Guagnano - Villa Baldassarri
Feature,Point,"[17.964478, 40.418526]",28,Guagnano - Villa Baldassarri,RRQA,PUBBLICO,Fondo,Suburbana,Guagnano,Lecce,IT,Italy,PM10,,50.0,0,µg/m³,,2024-05-23,Arpa Puglia - Direzione Scientifica - Centro Regionale Aria,Arpa Puglia - Sistemi Informativi,ARPAP,v1.0.0,#ffffff,Guagnano - Villa Baldassarri
Feature,Point,"[18.116386, 40.459698]",29,Lecce - Cerrate,RRQA,PUBBLICO,Fondo,Rurale,Lecce,Lecce,IT,Italy,NO2,12.0,200.0,0,µg/m³,6.0,2024-05-23,Arpa Puglia - Direzione Scientifica - Centro Regionale Aria,Arpa Puglia - Sistemi Informativi,ARPAP,v1.0.0,#00ffff,Lecce - Cerrate
Feature,Point,"[18.116386, 40.459698]",29,Lecce - Cerrate,RRQA,PUBBLICO,Fondo,Rurale,Lecce,Lecce,IT,Italy,O3,88.0,180.0,0,µg/m³,49.0,2024-05-23,Arpa Puglia - Direzione Scientifica - Centro Regionale Aria,Arpa Puglia - Sistemi Informativi,ARPAP,v1.0.0,#9acc00,Lecce - Cerrate
Feature,Point,"[18.116386, 40.459698]",29,Lecce - Cerrate,RRQA,PUBBLICO,Fondo,Rurale,Lecce,Lecce,IT,Italy,PM10,13.0,50.0,6,µg/m³,26.0,2024-05-23,Arpa Puglia - Direzione Scientifica - Centro Regionale Aria,Arpa Puglia - Sistemi Informativi,ARPAP,v1.0.0,#00ffff,Lecce - Cerrate
Feature,Point,"[18.116386, 40.459698]",29,Lecce - Cerrate,RRQA,PUBBLICO,Fondo,Rurale,Lecce,Lecce,IT,Italy,PM2.5,7.0,25.0,6,µg/m³,28.0,2024-05-23,Arpa Puglia - Direzione Scientifica - Centro Regionale Aria,Arpa Puglia - Sistemi Informativi,ARPAP,v1.0.0,#00ffff,Lecce - Cerrate
Feature,Point,"[18.174328, 40.364456]",47,Lecce - Garigliano,RRQA,PUBBLICO,Traffico,Urbana,Lecce,Lecce,IT,Italy,C6H6,0.1,5.0,0,µg/m³,2.0,2024-05-23,Arpa Puglia - Direzione Scientifica - Centro Regionale Aria,Arpa Puglia - Sistemi Informativi,ARPAP,v1.0.0,#00ffff,Lecce - Garigliano
Feature,Point,"[18.174328, 40.364456]",47,Lecce - Garigliano,RRQA,PUBBLICO,Traffico,Urbana,Lecce,Lecce,IT,Italy,CO,0.2,10.0,0,mg/m³,2.0,2024-05-23,Arpa Puglia - Direzione Scientifica - Centro Regionale Aria,Arpa Puglia - Sistemi Informativi,ARPAP,v1.0.0,#00ffff,Lecce - Garigliano
Feature,Point,"[18.174328, 40.364456]",47,Lecce - Garigliano,RRQA,PUBBLICO,Traffico,Urbana,Lecce,Lecce,IT,Italy,NO2,23.0,200.0,0,µg/m³,12.0,2024-05-23,Arpa Puglia - Direzione Scientifica - Centro Regionale Aria,Arpa Puglia - Sistemi Informativi,ARPAP,v1.0.0,#00ffff,Lecce - Garigliano
Feature,Point,"[18.174328, 40.364456]",47,Lecce - Garigliano,RRQA,PUBBLICO,Traffico,Urbana,Lecce,Lecce,IT,Italy,PM10,,50.0,0,µg/m³,,2024-05-23,Arpa Puglia - Direzione Scientifica - Centro Regionale Aria,Arpa Puglia - Sistemi Informativi,ARPAP,v1.0.0,#ffffff,Lecce - Garigliano
Feature,Point,"[18.174328, 40.364456]",47,Lecce - Garigliano,RRQA,PUBBLICO,Traffico,Urbana,Lecce,Lecce,IT,Italy,PM2.5,,25.0,0,µg/m³,,2024-05-23,Arpa Puglia - Direzione Scientifica - Centro Regionale Aria,Arpa Puglia - Sistemi Informativi,ARPAP,v1.0.0,#ffffff,Lecce - Garigliano
Feature,Point,"[18.176666, 40.351944]",62,Lecce - Libertini,RRQA,PUBBLICO,Traffico,Urbana,Lecce,Lecce,IT,Italy,C6H6,0.3,5.0,0,µg/m³,6.0,2024-05-23,Arpa Puglia - Direzione Scientifica - Centro Regionale Aria,Arpa Puglia - Sistemi Informativi,ARPAP,v1.0.0,#00ffff,Lecce - Libertini
Feature,Point,"[18.176666, 40.351944]",62,Lecce - Libertini,RRQA,PUBBLICO,Traffico,Urbana,Lecce,Lecce,IT,Italy,CO,0.4,10.0,0,mg/m³,4.0,2024-05-23,Arpa Puglia - Direzione Scientifica - Centro Regionale Aria,Arpa Puglia - Sistemi Informativi,ARPAP,v1.0.0,#00ffff,Lecce - Libertini
Feature,Point,"[18.176666, 40.351944]",62,Lecce - Libertini,RRQA,PUBBLICO,Traffico,Urbana,Lecce,Lecce,IT,Italy,NO2,41.0,200.0,0,µg/m³,21.0,2024-05-23,Arpa Puglia - Direzione Scientifica - Centro Regionale Aria,Arpa Puglia - Sistemi Informativi,ARPAP,v1.0.0,#00ffff,Lecce - Libertini
Feature,Point,"[18.176666, 40.351944]",62,Lecce - Libertini,RRQA,PUBBLICO,Traffico,Urbana,Lecce,Lecce,IT,Italy,PM10,,50.0,0,µg/m³,,2024-05-23,Arpa Puglia - Direzione Scientifica - Centro Regionale Aria,Arpa Puglia - Sistemi Informativi,ARPAP,v1.0.0,#ffffff,Lecce - Libertini
Feature,Point,"[18.176666, 40.351944]",62,Lecce - Libertini,RRQA,PUBBLICO,Traffico,Urbana,Lecce,Lecce,IT,Italy,PM2.5,,25.0,0,µg/m³,,2024-05-23,Arpa Puglia - Direzione Scientifica - Centro Regionale Aria,Arpa Puglia - Sistemi Informativi,ARPAP,v1.0.0,#ffffff,Lecce - Libertini
Feature,Point,"[18.294098, 40.123634]",49,Maglie,RRQA,PUBBLICO,Traffico,Suburbana,Maglie,Lecce,IT,Italy,CO,0.3,10.0,0,mg/m³,3.0,2024-05-23,Arpa Puglia - Direzione Scientifica - Centro Regionale Aria,Arpa Puglia - Sistemi Informativi,ARPAP,v1.0.0,#00ffff,Maglie
Feature,Point,"[18.294098, 40.123634]",49,Maglie,RRQA,PUBBLICO,Traffico,Suburbana,Maglie,Lecce,IT,Italy,NO2,14.0,200.0,0,µg/m³,7.0,2024-05-23,Arpa Puglia - Direzione Scientifica - Centro Regionale Aria,Arpa Puglia - Sistemi Informativi,ARPAP,v1.0.0,#00ffff,Maglie
Feature,Point,"[18.294098, 40.123634]",49,Maglie,RRQA,PUBBLICO,Traffico,Suburbana,Maglie,Lecce,IT,Italy,O3,98.0,180.0,0,µg/m³,54.0,2024-05-23,Arpa Puglia - Direzione Scientifica - Centro Regionale Aria,Arpa Puglia - Sistemi Informativi,ARPAP,v1.0.0,#9acc00,Maglie
Feature,Point,"[18.294098, 40.123634]",49,Maglie,RRQA,PUBBLICO,Traffico,Suburbana,Maglie,Lecce,IT,Italy,PM10,11.0,50.0,8,µg/m³,22.0,2024-05-23,Arpa Puglia - Direzione Scientifica - Centro Regionale Aria,Arpa Puglia - Sistemi Informativi,ARPAP,v1.0.0,#00ffff,Maglie
Feature,Point,"[18.294098, 40.123634]",49,Maglie,RRQA,PUBBLICO,Traffico,Suburbana,Maglie,Lecce,IT,Italy,PM2.5,7.0,25.0,10,µg/m³,28.0,2024-05-23,Arpa Puglia - Direzione Scientifica - Centro Regionale Aria,Arpa Puglia - Sistemi Informativi,ARPAP,v1.0.0,#00ffff,Maglie
Feature,Point,"[18.294098, 40.123634]",49,Maglie,RRQA,PUBBLICO,Traffico,Suburbana,Maglie,Lecce,IT,Italy,SO2,1.0,350.0,0,µg/m³,0.0,2024-05-23,Arpa Puglia - Direzione Scientifica - Centro Regionale Aria,Arpa Puglia - Sistemi Informativi,ARPAP,v1.0.0,#00ffff,Maglie
Feature,Point,"[18.120834, 40.41194]",95,Surbo - Croce ,RRQA,PUBBLICO,Industriale,Rurale,Surbo,Lecce,IT,Italy,NO2,27.0,200.0,0,µg/m³,14.0,2024-05-23,Arpa Puglia - Direzione Scientifica - Centro Regionale Aria,Arpa Puglia - Sistemi Informativi,ARPAP,v1.0.0,#00ffff,Surbo - Croce 
Feature,Point,"[18.120834, 40.41194]",95,Surbo - Croce ,RRQA,PUBBLICO,Industriale,Rurale,Surbo,Lecce,IT,Italy,PM10,10.0,50.0,5,µg/m³,20.0,2024-05-23,Arpa Puglia - Direzione Scientifica - Centro Regionale Aria,Arpa Puglia - Sistemi Informativi,ARPAP,v1.0.0,#00ffff,Surbo - Croce 
Feature,Point,"[18.120834, 40.41194]",95,Surbo - Croce ,RRQA,PUBBLICO,Industriale,Rurale,Surbo,Lecce,IT,Italy,SO2,5.6,350.0,0,µg/m³,2.0,2024-05-23,Arpa Puglia - Direzione Scientifica - Centro Regionale Aria,Arpa Puglia - Sistemi Informativi,ARPAP,v1.0.0,#00ffff,Surbo - Croce 
Feature,Point,"[17.42388, 40.537777]",41,Grottaglie,RRQA,PUBBLICO,Fondo,Suburbana,Grottaglie,Taranto,IT,Italy,NO2,16.0,200.0,0,µg/m³,8.0,2024-05-23,Arpa Puglia - Direzione Scientifica - Centro Regionale Aria,Arpa Puglia - Sistemi Informativi,ARPAP,v1.0.0,#00ffff,Grottaglie
Feature,Point,"[17.42388, 40.537777]",41,Grottaglie,RRQA,PUBBLICO,Fondo,Suburbana,Grottaglie,Taranto,IT,Italy,O3,84.0,180.0,0,µg/m³,47.0,2024-05-23,Arpa Puglia - Direzione Scientifica - Centro Regionale Aria,Arpa Puglia - Sistemi Informativi,ARPAP,v1.0.0,#9acc00,Grottaglie
Feature,Point,"[17.42388, 40.537777]",41,Grottaglie,RRQA,PUBBLICO,Fondo,Suburbana,Grottaglie,Taranto,IT,Italy,PM10,12.0,50.0,7,µg/m³,24.0,2024-05-23,Arpa Puglia - Direzione Scientifica - Centro Regionale Aria,Arpa Puglia - Sistemi Informativi,ARPAP,v1.0.0,#00ffff,Grottaglie
Feature,Point,"[17.33194, 40.700825]",42,Martina Franca,RRQA,PUBBLICO,Traffico,Urbana,Martina Franca,Taranto,IT,Italy,C6H6,0.3,5.0,0,µg/m³,6.0,2024-05-23,Arpa Puglia - Direzione Scientifica - Centro Regionale Aria,Arpa Puglia - Sistemi Informativi,ARPAP,v1.0.0,#00ffff,Martina Franca
Feature,Point,"[17.33194, 40.700825]",42,Martina Franca,RRQA,PUBBLICO,Traffico,Urbana,Martina Franca,Taranto,IT,Italy,NO2,50.0,200.0,0,µg/m³,25.0,2024-05-23,Arpa Puglia - Direzione Scientifica - Centro Regionale Aria,Arpa Puglia - Sistemi Informativi,ARPAP,v1.0.0,#00ffff,Martina Franca
Feature,Point,"[17.33194, 40.700825]",42,Martina Franca,RRQA,PUBBLICO,Traffico,Urbana,Martina Franca,Taranto,IT,Italy,PM10,16.0,50.0,4,µg/m³,32.0,2024-05-23,Arpa Puglia - Direzione Scientifica - Centro Regionale Aria,Arpa Puglia - Sistemi Informativi,ARPAP,v1.0.0,#00ffff,Martina Franca
Feature,Point,"[17.11669, 40.59376]",75,Massafra,RRQA,PUBBLICO,Industriale,Urbana,Massafra,Taranto,IT,Italy,C6H6,3.5,5.0,0,µg/m³,70.0,2024-05-23,Arpa Puglia - Direzione Scientifica - Centro Regionale Aria,Arpa Puglia - Sistemi Informativi,ARPAP,v1.0.0,#ffff00,Massafra
Feature,Point,"[17.11669, 40.59376]",75,Massafra,RRQA,PUBBLICO,Industriale,Urbana,Massafra,Taranto,IT,Italy,NO2,22.0,200.0,0,µg/m³,11.0,2024-05-23,Arpa Puglia - Direzione Scientifica - Centro Regionale Aria,Arpa Puglia - Sistemi Informativi,ARPAP,v1.0.0,#00ffff,Massafra
Feature,Point,"[17.11669, 40.59376]",75,Massafra,RRQA,PUBBLICO,Industriale,Urbana,Massafra,Taranto,IT,Italy,PM10,14.0,50.0,6,µg/m³,28.0,2024-05-23,Arpa Puglia - Direzione Scientifica - Centro Regionale Aria,Arpa Puglia - Sistemi Informativi,ARPAP,v1.0.0,#00ffff,Massafra
Feature,Point,"[17.11669, 40.59376]",75,Massafra,RRQA,PUBBLICO,Industriale,Urbana,Massafra,Taranto,IT,Italy,SO2,4.0,350.0,0,µg/m³,1.0,2024-05-23,Arpa Puglia - Direzione Scientifica - Centro Regionale Aria,Arpa Puglia - Sistemi Informativi,ARPAP,v1.0.0,#00ffff,Massafra
Feature,Point,"[17.203325, 40.5625]",18,Statte - Sorgenti,RRQA,PUBBLICO,industriale,suburbana,Statte,Taranto,IT,Italy,CO,0.5,10.0,0,mg/m³,5.0,2024-05-23,Arpa Puglia - Direzione Scientifica - Centro Regionale Aria,Arpa Puglia - Sistemi Informativi,ARPAP,v1.0.0,#00ffff,Statte - Sorgenti
Feature,Point,"[17.203325, 40.5625]",18,Statte - Sorgenti,RRQA,PUBBLICO,industriale,suburbana,Statte,Taranto,IT,Italy,H2S,1.0,,0,µg/m³,,2024-05-23,Arpa Puglia - Direzione Scientifica - Centro Regionale Aria,Arpa Puglia - Sistemi Informativi,ARPAP,v1.0.0,#ffffff,Statte - Sorgenti
Feature,Point,"[17.203325, 40.5625]",18,Statte - Sorgenti,RRQA,PUBBLICO,industriale,suburbana,Statte,Taranto,IT,Italy,IPA,1.0,,0,ng/m³,,2024-05-23,Arpa Puglia - Direzione Scientifica - Centro Regionale Aria,Arpa Puglia - Sistemi Informativi,ARPAP,v1.0.0,#ffffff,Statte - Sorgenti
Feature,Point,"[17.203325, 40.5625]",18,Statte - Sorgenti,RRQA,PUBBLICO,industriale,suburbana,Statte,Taranto,IT,Italy,NO2,8.0,200.0,0,µg/m³,4.0,2024-05-23,Arpa Puglia - Direzione Scientifica - Centro Regionale Aria,Arpa Puglia - Sistemi Informativi,ARPAP,v1.0.0,#00ffff,Statte - Sorgenti
Feature,Point,"[17.203325, 40.5625]",18,Statte - Sorgenti,RRQA,PUBBLICO,industriale,suburbana,Statte,Taranto,IT,Italy,PM10,12.0,50.0,8,µg/m³,24.0,2024-05-23,Arpa Puglia - Direzione Scientifica - Centro Regionale Aria,Arpa Puglia - Sistemi Informativi,ARPAP,v1.0.0,#00ffff,Statte - Sorgenti
Feature,Point,"[17.203325, 40.5625]",18,Statte - Sorgenti,RRQA,PUBBLICO,industriale,suburbana,Statte,Taranto,IT,Italy,SO2,,350.0,0,µg/m³,,2024-05-23,Arpa Puglia - Direzione Scientifica - Centro Regionale Aria,Arpa Puglia - Sistemi Informativi,ARPAP,v1.0.0,#ffffff,Statte - Sorgenti
Feature,Point,"[17.17361, 40.52611]",40,Statte - Wind,RRQA,PUBBLICO,Industriale,Rurale,Statte,Taranto,IT,Italy,NO2,35.0,200.0,0,µg/m³,18.0,2024-05-23,Arpa Puglia - Direzione Scientifica - Centro Regionale Aria,Arpa Puglia - Sistemi Informativi,ARPAP,v1.0.0,#00ffff,Statte - Wind
Feature,Point,"[17.17361, 40.52611]",40,Statte - Wind,RRQA,PUBBLICO,Industriale,Rurale,Statte,Taranto,IT,Italy,PM10,18.0,50.0,6,µg/m³,36.0,2024-05-23,Arpa Puglia - Direzione Scientifica - Centro Regionale Aria,Arpa Puglia - Sistemi Informativi,ARPAP,v1.0.0,#9acc00,Statte - Wind
Feature,Point,"[17.17361, 40.52611]",40,Statte - Wind,RRQA,PUBBLICO,Industriale,Rurale,Statte,Taranto,IT,Italy,SO2,2.1,350.0,0,µg/m³,1.0,2024-05-23,Arpa Puglia - Direzione Scientifica - Centro Regionale Aria,Arpa Puglia - Sistemi Informativi,ARPAP,v1.0.0,#00ffff,Statte - Wind
Feature,Point,"[17.263601, 40.460552]",22,Taranto - Alto Adige,RRQA,PUBBLICO,,,Taranto,Taranto,IT,Italy,C6H6,0.4,5.0,0,µg/m³,8.0,2024-05-23,Arpa Puglia - Direzione Scientifica - Centro Regionale Aria,Arpa Puglia - Sistemi Informativi,ARPAP,v1.0.0,#00ffff,Taranto - Alto Adige
Feature,Point,"[17.263601, 40.460552]",22,Taranto - Alto Adige,RRQA,PUBBLICO,,,Taranto,Taranto,IT,Italy,CO,0.3,10.0,0,mg/m³,3.0,2024-05-23,Arpa Puglia - Direzione Scientifica - Centro Regionale Aria,Arpa Puglia - Sistemi Informativi,ARPAP,v1.0.0,#00ffff,Taranto - Alto Adige
Feature,Point,"[17.263601, 40.460552]",22,Taranto - Alto Adige,RRQA,PUBBLICO,,,Taranto,Taranto,IT,Italy,IPA,5.0,,0,ng/m³,,2024-05-23,Arpa Puglia - Direzione Scientifica - Centro Regionale Aria,Arpa Puglia - Sistemi Informativi,ARPAP,v1.0.0,#ffffff,Taranto - Alto Adige
Feature,Point,"[17.263601, 40.460552]",22,Taranto - Alto Adige,RRQA,PUBBLICO,,,Taranto,Taranto,IT,Italy,NO2,34.0,200.0,0,µg/m³,17.0,2024-05-23,Arpa Puglia - Direzione Scientifica - Centro Regionale Aria,Arpa Puglia - Sistemi Informativi,ARPAP,v1.0.0,#00ffff,Taranto - Alto Adige
Feature,Point,"[17.263601, 40.460552]",22,Taranto - Alto Adige,RRQA,PUBBLICO,,,Taranto,Taranto,IT,Italy,PM10,15.0,50.0,7,µg/m³,30.0,2024-05-23,Arpa Puglia - Direzione Scientifica - Centro Regionale Aria,Arpa Puglia - Sistemi Informativi,ARPAP,v1.0.0,#00ffff,Taranto - Alto Adige
Feature,Point,"[17.263601, 40.460552]",22,Taranto - Alto Adige,RRQA,PUBBLICO,,,Taranto,Taranto,IT,Italy,PM2.5,7.0,25.0,4,µg/m³,28.0,2024-05-23,Arpa Puglia - Direzione Scientifica - Centro Regionale Aria,Arpa Puglia - Sistemi Informativi,ARPAP,v1.0.0,#00ffff,Taranto - Alto Adige
Feature,Point,"[17.263601, 40.460552]",22,Taranto - Alto Adige,RRQA,PUBBLICO,,,Taranto,Taranto,IT,Italy,SO2,,350.0,0,µg/m³,,2024-05-23,Arpa Puglia - Direzione Scientifica - Centro Regionale Aria,Arpa Puglia - Sistemi Informativi,ARPAP,v1.0.0,#ffffff,Taranto - Alto Adige
Feature,Point,"[17.233047, 40.494442]",19,Taranto - Archimede,RRQA,PUBBLICO,,,Taranto,Taranto,IT,Italy,CO,0.8,10.0,0,mg/m³,8.0,2024-05-23,Arpa Puglia - Direzione Scientifica - Centro Regionale Aria,Arpa Puglia - Sistemi Informativi,ARPAP,v1.0.0,#00ffff,Taranto - Archimede
Feature,Point,"[17.233047, 40.494442]",19,Taranto - Archimede,RRQA,PUBBLICO,,,Taranto,Taranto,IT,Italy,H2S,2.0,,0,µg/m³,,2024-05-23,Arpa Puglia - Direzione Scientifica - Centro Regionale Aria,Arpa Puglia - Sistemi Informativi,ARPAP,v1.0.0,#ffffff,Taranto - Archimede
Feature,Point,"[17.233047, 40.494442]",19,Taranto - Archimede,RRQA,PUBBLICO,,,Taranto,Taranto,IT,Italy,NO2,21.0,200.0,0,µg/m³,11.0,2024-05-23,Arpa Puglia - Direzione Scientifica - Centro Regionale Aria,Arpa Puglia - Sistemi Informativi,ARPAP,v1.0.0,#00ffff,Taranto - Archimede
Feature,Point,"[17.233047, 40.494442]",19,Taranto - Archimede,RRQA,PUBBLICO,,,Taranto,Taranto,IT,Italy,PM10,,50.0,6,µg/m³,,2024-05-23,Arpa Puglia - Direzione Scientifica - Centro Regionale Aria,Arpa Puglia - Sistemi Informativi,ARPAP,v1.0.0,#ffffff,Taranto - Archimede
Feature,Point,"[17.233047, 40.494442]",19,Taranto - Archimede,RRQA,PUBBLICO,,,Taranto,Taranto,IT,Italy,PM2.5,,25.0,0,µg/m³,,2024-05-23,Arpa Puglia - Direzione Scientifica - Centro Regionale Aria,Arpa Puglia - Sistemi Informativi,ARPAP,v1.0.0,#ffffff,Taranto - Archimede
Feature,Point,"[17.233047, 40.494442]",19,Taranto - Archimede,RRQA,PUBBLICO,,,Taranto,Taranto,IT,Italy,SO2,2.6,350.0,0,µg/m³,1.0,2024-05-23,Arpa Puglia - Direzione Scientifica - Centro Regionale Aria,Arpa Puglia - Sistemi Informativi,ARPAP,v1.0.0,#00ffff,Taranto - Archimede
Feature,Point,"[17.253416, 40.520935]",37,Taranto - CISI,RRQA,PUBBLICO,Industriale,Rurale,Taranto,Taranto,IT,Italy,C6H6,0.3,5.0,0,µg/m³,6.0,2024-05-23,Arpa Puglia - Direzione Scientifica - Centro Regionale Aria,Arpa Puglia - Sistemi Informativi,ARPAP,v1.0.0,#00ffff,Taranto - CISI
Feature,Point,"[17.253416, 40.520935]",37,Taranto - CISI,RRQA,PUBBLICO,Industriale,Rurale,Taranto,Taranto,IT,Italy,CO,0.1,10.0,0,mg/m³,1.0,2024-05-23,Arpa Puglia - Direzione Scientifica - Centro Regionale Aria,Arpa Puglia - Sistemi Informativi,ARPAP,v1.0.0,#00ffff,Taranto - CISI
Feature,Point,"[17.253416, 40.520935]",37,Taranto - CISI,RRQA,PUBBLICO,Industriale,Rurale,Taranto,Taranto,IT,Italy,H2S,1.0,,0,µg/m³,,2024-05-23,Arpa Puglia - Direzione Scientifica - Centro Regionale Aria,Arpa Puglia - Sistemi Informativi,ARPAP,v1.0.0,#ffffff,Taranto - CISI
Feature,Point,"[17.253416, 40.520935]",37,Taranto - CISI,RRQA,PUBBLICO,Industriale,Rurale,Taranto,Taranto,IT,Italy,IPA,3.0,,0,ng/m³,,2024-05-23,Arpa Puglia - Direzione Scientifica - Centro Regionale Aria,Arpa Puglia - Sistemi Informativi,ARPAP,v1.0.0,#ffffff,Taranto - CISI
Feature,Point,"[17.253416, 40.520935]",37,Taranto - CISI,RRQA,PUBBLICO,Industriale,Rurale,Taranto,Taranto,IT,Italy,NO2,15.0,200.0,0,µg/m³,8.0,2024-05-23,Arpa Puglia - Direzione Scientifica - Centro Regionale Aria,Arpa Puglia - Sistemi Informativi,ARPAP,v1.0.0,#00ffff,Taranto - CISI
Feature,Point,"[17.253416, 40.520935]",37,Taranto - CISI,RRQA,PUBBLICO,Industriale,Rurale,Taranto,Taranto,IT,Italy,PM10,13.0,50.0,4,µg/m³,26.0,2024-05-23,Arpa Puglia - Direzione Scientifica - Centro Regionale Aria,Arpa Puglia - Sistemi Informativi,ARPAP,v1.0.0,#00ffff,Taranto - CISI
Feature,Point,"[17.253416, 40.520935]",37,Taranto - CISI,RRQA,PUBBLICO,Industriale,Rurale,Taranto,Taranto,IT,Italy,PM2.5,6.0,25.0,1,µg/m³,24.0,2024-05-23,Arpa Puglia - Direzione Scientifica - Centro Regionale Aria,Arpa Puglia - Sistemi Informativi,ARPAP,v1.0.0,#00ffff,Taranto - CISI
Feature,Point,"[17.253416, 40.520935]",37,Taranto - CISI,RRQA,PUBBLICO,Industriale,Rurale,Taranto,Taranto,IT,Italy,SO2,,350.0,0,µg/m³,,2024-05-23,Arpa Puglia - Direzione Scientifica - Centro Regionale Aria,Arpa Puglia - Sistemi Informativi,ARPAP,v1.0.0,#ffffff,Taranto - CISI
Feature,Point,"[17.225822, 40.48861]",20,Taranto - Machiavelli,RRQA,PUBBLICO,,,Taranto,Taranto,IT,Italy,C6H6,1.2,5.0,19,µg/m³,24.0,2024-05-23,Arpa Puglia - Direzione Scientifica - Centro Regionale Aria,Arpa Puglia - Sistemi Informativi,ARPAP,v1.0.0,#00ffff,Taranto - Machiavelli
Feature,Point,"[17.225822, 40.48861]",20,Taranto - Machiavelli,RRQA,PUBBLICO,,,Taranto,Taranto,IT,Italy,CO,0.3,10.0,0,mg/m³,3.0,2024-05-23,Arpa Puglia - Direzione Scientifica - Centro Regionale Aria,Arpa Puglia - Sistemi Informativi,ARPAP,v1.0.0,#00ffff,Taranto - Machiavelli
Feature,Point,"[17.225822, 40.48861]",20,Taranto - Machiavelli,RRQA,PUBBLICO,,,Taranto,Taranto,IT,Italy,IPA,4.0,,0,ng/m³,,2024-05-23,Arpa Puglia - Direzione Scientifica - Centro Regionale Aria,Arpa Puglia - Sistemi Informativi,ARPAP,v1.0.0,#ffffff,Taranto - Machiavelli
Feature,Point,"[17.225822, 40.48861]",20,Taranto - Machiavelli,RRQA,PUBBLICO,,,Taranto,Taranto,IT,Italy,NO2,28.0,200.0,0,µg/m³,14.0,2024-05-23,Arpa Puglia - Direzione Scientifica - Centro Regionale Aria,Arpa Puglia - Sistemi Informativi,ARPAP,v1.0.0,#00ffff,Taranto - Machiavelli
Feature,Point,"[17.225822, 40.48861]",20,Taranto - Machiavelli,RRQA,PUBBLICO,,,Taranto,Taranto,IT,Italy,PM10,18.0,50.0,7,µg/m³,36.0,2024-05-23,Arpa Puglia - Direzione Scientifica - Centro Regionale Aria,Arpa Puglia - Sistemi Informativi,ARPAP,v1.0.0,#9acc00,Taranto - Machiavelli
Feature,Point,"[17.225822, 40.48861]",20,Taranto - Machiavelli,RRQA,PUBBLICO,,,Taranto,Taranto,IT,Italy,PM2.5,7.0,25.0,2,µg/m³,28.0,2024-05-23,Arpa Puglia - Direzione Scientifica - Centro Regionale Aria,Arpa Puglia - Sistemi Informativi,ARPAP,v1.0.0,#00ffff,Taranto - Machiavelli
Feature,Point,"[17.225822, 40.48861]",20,Taranto - Machiavelli,RRQA,PUBBLICO,,,Taranto,Taranto,IT,Italy,SO2,4.1,350.0,0,µg/m³,1.0,2024-05-23,Arpa Puglia - Direzione Scientifica - Centro Regionale Aria,Arpa Puglia - Sistemi Informativi,ARPAP,v1.0.0,#00ffff,Taranto - Machiavelli
Feature,Point,"[17.225271, 40.42333]",21,Taranto - San Vito,RRQA,PUBBLICO,,,Taranto,Taranto,IT,Italy,CO,0.4,10.0,0,mg/m³,4.0,2024-05-23,Arpa Puglia - Direzione Scientifica - Centro Regionale Aria,Arpa Puglia - Sistemi Informativi,ARPAP,v1.0.0,#00ffff,Taranto - San Vito
Feature,Point,"[17.225271, 40.42333]",21,Taranto - San Vito,RRQA,PUBBLICO,,,Taranto,Taranto,IT,Italy,IPA,1.0,,0,ng/m³,,2024-05-23,Arpa Puglia - Direzione Scientifica - Centro Regionale Aria,Arpa Puglia - Sistemi Informativi,ARPAP,v1.0.0,#ffffff,Taranto - San Vito
Feature,Point,"[17.225271, 40.42333]",21,Taranto - San Vito,RRQA,PUBBLICO,,,Taranto,Taranto,IT,Italy,NO2,17.0,200.0,0,µg/m³,9.0,2024-05-23,Arpa Puglia - Direzione Scientifica - Centro Regionale Aria,Arpa Puglia - Sistemi Informativi,ARPAP,v1.0.0,#00ffff,Taranto - San Vito
Feature,Point,"[17.225271, 40.42333]",21,Taranto - San Vito,RRQA,PUBBLICO,,,Taranto,Taranto,IT,Italy,O3,85.0,180.0,0,µg/m³,47.0,2024-05-23,Arpa Puglia - Direzione Scientifica - Centro Regionale Aria,Arpa Puglia - Sistemi Informativi,ARPAP,v1.0.0,#9acc00,Taranto - San Vito
Feature,Point,"[17.225271, 40.42333]",21,Taranto - San Vito,RRQA,PUBBLICO,,,Taranto,Taranto,IT,Italy,PM10,19.0,50.0,5,µg/m³,38.0,2024-05-23,Arpa Puglia - Direzione Scientifica - Centro Regionale Aria,Arpa Puglia - Sistemi Informativi,ARPAP,v1.0.0,#9acc00,Taranto - San Vito
Feature,Point,"[17.225271, 40.42333]",21,Taranto - San Vito,RRQA,PUBBLICO,,,Taranto,Taranto,IT,Italy,SO2,4.6,350.0,0,µg/m³,1.0,2024-05-23,Arpa Puglia - Direzione Scientifica - Centro Regionale Aria,Arpa Puglia - Sistemi Informativi,ARPAP,v1.0.0,#00ffff,Taranto - San Vito
Feature,Point,"[17.283878, 40.41194]",38,Taranto - Talsano,RRQA,PUBBLICO,,,Taranto,Taranto,IT,Italy,IPA,2.0,,0,ng/m³,,2024-05-23,Arpa Puglia - Direzione Scientifica - Centro Regionale Aria,Arpa Puglia - Sistemi Informativi,ARPAP,v1.0.0,#ffffff,Taranto - Talsano
Feature,Point,"[17.283878, 40.41194]",38,Taranto - Talsano,RRQA,PUBBLICO,,,Taranto,Taranto,IT,Italy,NO2,10.0,200.0,0,µg/m³,5.0,2024-05-23,Arpa Puglia - Direzione Scientifica - Centro Regionale Aria,Arpa Puglia - Sistemi Informativi,ARPAP,v1.0.0,#00ffff,Taranto - Talsano
Feature,Point,"[17.283878, 40.41194]",38,Taranto - Talsano,RRQA,PUBBLICO,,,Taranto,Taranto,IT,Italy,O3,111.0,180.0,0,µg/m³,62.0,2024-05-23,Arpa Puglia - Direzione Scientifica - Centro Regionale Aria,Arpa Puglia - Sistemi Informativi,ARPAP,v1.0.0,#9acc00,Taranto - Talsano
Feature,Point,"[17.283878, 40.41194]",38,Taranto - Talsano,RRQA,PUBBLICO,,,Taranto,Taranto,IT,Italy,PM10,13.0,50.0,6,µg/m³,26.0,2024-05-23,Arpa Puglia - Direzione Scientifica - Centro Regionale Aria,Arpa Puglia - Sistemi Informativi,ARPAP,v1.0.0,#00ffff,Taranto - Talsano
Feature,Point,"[17.283878, 40.41194]",38,Taranto - Talsano,RRQA,PUBBLICO,,,Taranto,Taranto,IT,Italy,SO2,5.1,350.0,0,µg/m³,1.0,2024-05-23,Arpa Puglia - Direzione Scientifica - Centro Regionale Aria,Arpa Puglia - Sistemi Informativi,ARPAP,v1.0.0,#00ffff,Taranto - Talsano
